"","name","number","sex","year"
"1","Charlotte","24","F",2017
"2","Olivia","18","F",2017
"3","Ava","15","F",2017
"4","Isabella","15","F",2017
"5","Grace","14","F",2017
"6","Amelia","13","F",2017
"7","Mia","13","F",2017
"8","Ruby","13","F",2017
"9","Lily","12","F",2017
"10","Sophie","12","F",2017
"11","Ella","11","F",2017
"12","Evelyn","11","F",2017
"13","Isla","10","F",2017
"14","Jasmine","10","F",2017
"15","Zoe","10","F",2017
"16","Chloe","9","F",2017
"17","Eva","9","F",2017
"18","Georgia","9","F",2017
"19","Lucy","9","F",2017
"20","Sophia","9","F",2017
"21","Charlotte","31","F",2016
"22","Emily","17","F",2016
"23","Ava","14","F",2016
"24","Sophie","14","F",2016
"25","Amelia","13","F",2016
"26","Grace","13","F",2016
"27","Olivia","13","F",2016
"28","Scarlett","13","F",2016
"29","Ella","12","F",2016
"30","Isabella","12","F",2016
"31","Evie","11","F",2016
"32","Mia","11","F",2016
"33","Chloe","9","F",2016
"34","Isla","9","F",2016
"35","Matilda","9","F",2016
"36","Ruby","9","F",2016
"37","Abigail","8","F",2016
"38","Billie","8","F",2016
"39","Harper","8","F",2016
"40","Ivy","8","F",2016
"41","Charlotte","20","F",2015
"42","Ava","14","F",2015
"43","Ella","14","F",2015
"44","Emily","14","F",2015
"45","Lucy","14","F",2015
"46","Olivia","14","F",2015
"47","Isla","13","F",2015
"48","Matilda","13","F",2015
"49","Sophie","13","F",2015
"50","Chloe","12","F",2015
"51","Evie","12","F",2015
"52","Grace","11","F",2015
"53","Isabelle","11","F",2015
"54","Lily","11","F",2015
"55","Harper","10","F",2015
"56","Isabella","10","F",2015
"57","Maria","10","F",2015
"58","Sophia","10","F",2015
"59","Zoe","10","F",2015
"60","Alice","9","F",2015
"61","Charlotte","18","F",2014
"62","Sophie","17","F",2014
"63","Olivia","16","F",2014
"64","Lily","15","F",2014
"65","Amelia","14","F",2014
"66","Ava","13","F",2014
"67","Grace","13","F",2014
"68","Ruby","13","F",2014
"69","Isla","12","F",2014
"70","Mia","12","F",2014
"71","Scarlett","12","F",2014
"72","Emily","11","F",2014
"73","Lucy","11","F",2014
"74","Matilda","11","F",2014
"75","Hannah","10","F",2014
"76","Jasmine","10","F",2014
"77","Sophia","10","F",2014
"78","Stella","10","F",2014
"79","Chloe","9","F",2014
"80","Annabelle","8","F",2014
"81","Charlotte","28","F",2013
"82","Olivia","20","F",2013
"83","Amelia","18","F",2013
"84","Ruby","17","F",2013
"85","Chloe","15","F",2013
"86","Matilda","14","F",2013
"87","Mia","14","F",2013
"88","Sophie","14","F",2013
"89","Emily","12","F",2013
"90","Evelyn","12","F",2013
"91","Grace","12","F",2013
"92","Isabella","12","F",2013
"93","Jasmine","12","F",2013
"94","Zoe","12","F",2013
"95","Lily","11","F",2013
"96","Madison","11","F",2013
"97","Ava","9","F",2013
"98","Ella","9","F",2013
"99","Isla","9","F",2013
"100","Savannah","9","F",2013
"101","Chloe","23","F",2012
"102","Ava","21","F",2012
"103","Olivia","21","F",2012
"104","Ruby","19","F",2012
"105","Mia","17","F",2012
"106","Sophie","17","F",2012
"107","Emily","16","F",2012
"108","Sophia","16","F",2012
"109","Grace","15","F",2012
"110","Charlotte","14","F",2012
"111","Isabella","14","F",2012
"112","Matilda","14","F",2012
"113","Amelia","13","F",2012
"114","Ella","12","F",2012
"115","Jasmine","12","F",2012
"116","Zoe","11","F",2012
"117","Hannah","10","F",2012
"118","Layla","10","F",2012
"119","Maddison","10","F",2012
"120","Alice","9","F",2012
"121","Emily","19","F",2011
"122","Chloe","17","F",2011
"123","Grace","17","F",2011
"124","Mia","17","F",2011
"125","Ruby","17","F",2011
"126","Amelia","16","F",2011
"127","Lily","15","F",2011
"128","Sophie","14","F",2011
"129","Ava","13","F",2011
"130","Hannah","13","F",2011
"131","Olivia","13","F",2011
"132","Ella","11","F",2011
"133","Hayley","10","F",2011
"134","Sienna","10","F",2011
"135","Bella","9","F",2011
"136","Isabella","9","F",2011
"137","Matilda","9","F",2011
"138","Scarlett","9","F",2011
"139","Zoe","9","F",2011
"140","Charlotte","8","F",2011
"141","Isabella","19","F",2010
"142","Olivia","19","F",2010
"143","Ava","18","F",2010
"144","Hannah","18","F",2010
"145","Grace","16","F",2010
"146","Charlotte","15","F",2010
"147","Ella","14","F",2010
"148","Matilda","13","F",2010
"149","Mia","13","F",2010
"150","Ruby","11","F",2010
"151","Chloe","10","F",2010
"152","Layla","10","F",2010
"153","Sophie","10","F",2010
"154","Jessica","9","F",2010
"155","Lily","9","F",2010
"156","Alexis","8","F",2010
"157","Amelia","8","F",2010
"158","Lucy","8","F",2010
"159","Isla","7","F",2010
"160","Jade","7","F",2010
"161","Isabella","21","F",2009
"162","Matilda","18","F",2009
"163","Lily","15","F",2009
"164","Ruby","15","F",2009
"165","Ava","13","F",2009
"166","Jessica","13","F",2009
"167","Olivia","13","F",2009
"168","Zoe","13","F",2009
"169","Charlotte","12","F",2009
"170","Mia","12","F",2009
"171","Chloe","11","F",2009
"172","Grace","11","F",2009
"173","Ella","10","F",2009
"174","Emily","10","F",2009
"175","Lucy","9","F",2009
"176","Sarah","9","F",2009
"177","Kayla","8","F",2009
"178","Madison","8","F",2009
"179","Molly","8","F",2009
"180","Sophia","8","F",2009
"181","Isabella","18","F",2008
"182","Charlotte","16","F",2008
"183","Chloe","15","F",2008
"184","Ella","14","F",2008
"185","Hannah","14","F",2008
"186","Jessica","14","F",2008
"187","Olivia","14","F",2008
"188","Sophie","13","F",2008
"189","Matilda","12","F",2008
"190","Ruby","12","F",2008
"191","Chelsea","11","F",2008
"192","Lily","11","F",2008
"193","Mia","11","F",2008
"194","Emily","10","F",2008
"195","Sarah","10","F",2008
"196","Alyssa","9","F",2008
"197","Ava","9","F",2008
"198","Emma","9","F",2008
"199","Isabelle","8","F",2008
"200","Jade","8","F",2008
"201","Lily","17","F",2007
"202","Sophie","16","F",2007
"203","Emily","15","F",2007
"204","Olivia","13","F",2007
"205","Sarah","13","F",2007
"206","Chloe","12","F",2007
"207","Grace","12","F",2007
"208","Mia","12","F",2007
"209","Isabella","11","F",2007
"210","Charlotte","10","F",2007
"211","Ella","10","F",2007
"212","Hannah","10","F",2007
"213","Jade","10","F",2007
"214","Jessica","10","F",2007
"215","Ava","9","F",2007
"216","Emma","9","F",2007
"217","Isabelle","9","F",2007
"218","Matilda","9","F",2007
"219","Amelia","8","F",2007
"220","Madison","8","F",2007
"221","Emily","21","F",2006
"222","Ella","18","F",2006
"223","Georgia","17","F",2006
"224","Jessica","17","F",2006
"225","Grace","16","F",2006
"226","Isabella","16","F",2006
"227","Chloe","14","F",2006
"228","Lily","14","F",2006
"229","Mia","14","F",2006
"230","Sarah","12","F",2006
"231","Amelia","12","F",2006
"232","Sophie","13","F",2006
"233","Ruby","11","F",2006
"234","Hayley","10","F",2006
"235","Ruby","10","F",2006
"236","Tahlia","10","F",2006
"237","Matilda","10","F",2006
"238","Emma","9","F",2006
"239","Elizabeth","9","F",2006
"240","Charlotte","9","F",2006
"241","Emily","20","F",2005
"242","Lily","19","F",2005
"243","Sophie","17","F",2005
"244","Chloe","15","F",2005
"245","Grace","15","F",2005
"246","Jessica","14","F",2005
"247","Charlotte","11","F",2005
"248","Emma","11","F",2005
"249","Georgia","11","F",2005
"250","Mia","11","F",2005
"251","Madison","10","F",2005
"252","Hannah","9","F",2005
"253","Holly","9","F",2005
"254","Molly","9","F",2005
"255","Tahlia","9","F",2005
"256","Bella","8","F",2005
"257","Isabella","8","F",2005
"258","Tia","8","F",2005
"259","Alicia","7","F",2005
"260","Alyssa","7","F",2005
"261","Charlotte","18","F",2004
"262","Jessica","17","F",2004
"263","Chloe","15","F",2004
"264","Hannah","15","F",2004
"265","Emily","14","F",2004
"266","Ella","13","F",2004
"267","Grace","13","F",2004
"268","Jasmine","13","F",2004
"269","Sarah","12","F",2004
"270","Amy","11","F",2004
"271","Isabella","11","F",2004
"272","Mia","11","F",2004
"273","Amelia","10","F",2004
"274","Olivia","10","F",2004
"275","Hayley","9","F",2004
"276","Emma","8","F",2004
"277","Matilda","8","F",2004
"278","Anna","7","F",2004
"279","Brooke","7","F",2004
"280","Jade","7","F",2004
"281","Chloe","24","F",2003
"282","Jessica","20","F",2003
"283","Emma","19","F",2003
"284","Sarah","18","F",2003
"285","Emily","16","F",2003
"286","Jasmine","13","F",2003
"287","Ella","12","F",2003
"288","Hannah","12","F",2003
"289","Isabella","11","F",2003
"290","Jade","11","F",2003
"291","Grace","10","F",2003
"292","Hayley","10","F",2003
"293","Zoe","10","F",2003
"294","Elizabeth","9","F",2003
"295","Tahlia","9","F",2003
"296","Taylah","9","F",2003
"297","Amelia","8","F",2003
"298","Ashleigh","8","F",2003
"299","Madison","8","F",2003
"300","Olivia","8","F",2003
"301","Chloe","23","F",2002
"302","Jessica","22","F",2002
"303","Emma","14","F",2002
"304","Grace","14","F",2002
"305","Sarah","13","F",2002
"306","Shakira","14","F",2002
"307","Emily","13","F",2002
"308","Amy","12","F",2002
"309","Hannah","12","F",2002
"310","Hayley","12","F",2002
"311","Jasmine","11","F",2002
"312","Madison","11","F",2002
"313","Georgia","10","F",2002
"314","Ella","9","F",2002
"315","Lucy","9","F",2002
"316","Maria","9","F",2002
"317","Samantha","9","F",2002
"318","Caitlin","8","F",2002
"319","Charlotte","8","F",2002
"320","Danielle","8","F",2002
"321","Rebecca","30","F",1980
"322","Sarah","24","F",1980
"323","Samantha","15","F",1980
"324","Michelle","14","F",1980
"325","Natasha","14","F",1980
"326","Anna","12","F",1980
"327","Jennifer","12","F",1980
"328","Kelly","12","F",1980
"329","Lisa","12","F",1980
"330","Shannon","12","F",1980
"331","Emma","11","F",1980
"332","Melissa","11","F",1980
"333","Amy","10","F",1980
"334","Jack","27","M",2017
"335","Mason","21","M",2017
"336","Oliver","20","M",2017
"337","Noah","18","M",2017
"338","James","17","M",2017
"339","William","16","M",2017
"340","Logan","15","M",2017
"341","Lucas","15","M",2017
"342","Thomas","15","M",2017
"343","Elijah","14","M",2017
"344","Ethan","13","M",2017
"345","Henry","12","M",2017
"346","Hudson","12","M",2017
"347","Isaac","12","M",2017
"348","Samuel","12","M",2017
"349","Benjamin","11","M",2017
"350","Jacob","11","M",2017
"351","Lachlan","11","M",2017
"352","Leo","11","M",2017
"353","Max","11","M",2017
"354","Jack","26","M",2016
"355","Noah","22","M",2016
"356","Charlie","20","M",2016
"357","Oliver","20","M",2016
"358","James","19","M",2016
"359","Jacob","18","M",2016
"360","William","15","M",2016
"361","Eli","14","M",2016
"362","Nathan","14","M",2016
"363","Max","13","M",2016
"364","Elijah","12","M",2016
"365","Ethan","12","M",2016
"366","Mason","12","M",2016
"367","Michael","12","M",2016
"368","Cooper","11","M",2016
"369","Harry","11","M",2016
"370","Hunter","11","M",2016
"371","Jackson","11","M",2016
"372","Lachlan","11","M",2016
"373","Patrick","11","M",2016
"374","Jack","24","M",2015
"375","James","22","M",2015
"376","William","19","M",2015
"377","Thomas","18","M",2015
"378","Levi","16","M",2015
"379","Oliver","15","M",2015
"380","Ryan","15","M",2015
"381","Lucas","14","M",2015
"382","Hunter","13","M",2015
"383","Isaac","13","M",2015
"384","Lachlan","13","M",2015
"385","Liam","13","M",2015
"386","Samuel","13","M",2015
"387","Eli","12","M",2015
"388","Harrison","12","M",2015
"389","Henry","12","M",2015
"390","Mason","12","M",2015
"391","Max","12","M",2015
"392","Noah","12","M",2015
"393","Xavier","12","M",2015
"394","William","29","M",2014
"395","Noah","24","M",2014
"396","Jack","21","M",2014
"397","Thomas","17","M",2014
"398","Hunter","16","M",2014
"399","James","16","M",2014
"400","Oliver","16","M",2014
"401","Jayden","15","M",2014
"402","Lachlan","15","M",2014
"403","Logan","14","M",2014
"404","Mason","14","M",2014
"405","Harry","13","M",2014
"406","Isaac","13","M",2014
"407","Michael","13","M",2014
"408","Samuel","13","M",2014
"409","Jackson","12","M",2014
"410","John","12","M",2014
"411","Lucas","12","M",2014
"412","Alexander","11","M",2014
"413","Charlie","11","M",2014
"414","William","21","M",2013
"415","Cooper","19","M",2013
"416","Oliver","18","M",2013
"417","Lucas","17","M",2013
"418","John","16","M",2013
"419","Mason","16","M",2013
"420","Noah","15","M",2013
"421","Thomas","15","M",2013
"422","Alexander","14","M",2013
"423","Jack","14","M",2013
"424","Michael","13","M",2013
"425","Ethan","12","M",2013
"426","Jaxon","12","M",2013
"427","Logan","12","M",2013
"428","Riley","12","M",2013
"429","Xavier","12","M",2013
"430","Issac","11","M",2013
"431","Jackson","11","M",2013
"432","James","11","M",2013
"433","Lachlan","11","M",2013
"434","William","23","M",2012
"435","James","22","M",2012
"436","Jack","21","M",2012
"437","Lachlan","18","M",2012
"438","Cooper","16","M",2012
"439","Lucas","16","M",2012
"440","Michael","16","M",2012
"441","Ryan","16","M",2012
"442","Ethan","15","M",2012
"443","Riley","15","M",2012
"444","Thomas","15","M",2012
"445","Daniel","14","M",2012
"446","Levi","13","M",2012
"447","Liam","13","M",2012
"448","Mason","13","M",2012
"449","Samuel","13","M",2012
"450","Charlie","13","M",2012
"451","Harrison","12","M",2012
"452","Henry","12","M",2012
"453","Tyler","12","M",2012
"454","William","26","M",2011
"455","Jack","22","M",2011
"456","Ethan","20","M",2011
"457","James","20","M",2011
"458","Alexander","19","M",2011
"459","Joshua","19","M",2011
"460","Liam","19","M",2011
"461","Thomas","19","M",2011
"462","Oliver","17","M",2011
"463","Lachlan","16","M",2011
"464","Jacob","15","M",2011
"465","John","15","M",2011
"466","Samuel","15","M",2011
"467","Tyler","15","M",2011
"468","Benjamin","13","M",2011
"469","Lucas","13","M",2011
"470","Noah","13","M",2011
"471","Ryan","12","M",2011
"472","Cameron","12","M",2011
"473","Cooper","12","M",2011
"474","Jack","31","M",2010
"475","Jacob","20","M",2010
"476","Lachlan","19","M",2010
"477","Thomas","19","M",2010
"478","Charlie","18","M",2010
"479","James","18","M",2010
"480","Joshua","18","M",2010
"481","William","17","M",2010
"482","Ethan","16","M",2010
"483","Noah           ","16","M",2010
"484","Cooper","14","M",2010
"485","Isaac","14","M",2010
"486","Max","14","M",2010
"487","Riley","14","M",2010
"488","Samuel","14","M",2010
"489","Ryan","13","M",2010
"490","Xavier","13","M",2010
"491","Liam ","12","M",2010
"492","Michael","12","M",2010
"493","Lucas","11","M",2010
"494","Jack","35","M",2009
"495","James","23","M",2009
"496","Ethan","22","M",2009
"497","William","21","M",2009
"498","Jacob","20","M",2009
"499","Lachlan","20","M",2009
"500","Joshua","19","M",2009
"501","Riley","17","M",2009
"502","Max","15","M",2009
"503","Xavier           ","15","M",2009
"504","Cooper","14","M",2009
"505","Liam","14","M",2009
"506","Mason","14","M",2009
"507","Thomas","14","M",2009
"508","Tyler","14","M",2009
"509","Lucas","13","M",2009
"510","Michael","13","M",2009
"511","Dylan ","12","M",2009
"512","Mitchell","12","M",2009
"513","Oliver","12","M",2009
"514","William","34","M",2008
"515","Lachlan","25","M",2008
"516","Jack","23","M",2008
"517","Joshua","21","M",2008
"518","Ethan","18","M",2008
"519","Mitchell","18","M",2008
"520","Riley","18","M",2008
"521","Thomas","18","M",2008
"522","Joseph","15","M",2008
"523","Cooper           ","14","M",2008
"524","Jacob","14","M",2008
"525","Matthew","14","M",2008
"526","Isaac","13","M",2008
"527","Max","13","M",2008
"528","Michael","13","M",2008
"529","Samuel","13","M",2008
"530","Jackson","12","M",2008
"531","Jayden ","12","M",2008
"532","Liam","12","M",2008
"533","Noah","12","M",2008
"534","Jack","28","M",2007
"535","Joshua","27","M",2007
"536","Thomas","23","M",2007
"537","Ethan","20","M",2007
"538","William","20","M",2007
"539","James","19","M",2007
"540","Laclan","18","M",2007
"541","Riley","18","M",2007
"542","Michael","16","M",2007
"543","Robert","16","M",2007
"544","Nathan","15","M",2007
"545","Ryan","15","M",2007
"546","Liam","14","M",2007
"547","Samuel","14","M",2007
"548","Cooper","13","M",2007
"549","Daniel","13","M",2007
"550","David","12","M",2007
"551","Lucas","12","M",2007
"552","Angus","11","M",2007
"553","Cameron","11","M",2007
"554","Jack","36","M",2006
"555","Joshua","30","M",2006
"556","James","23","M",2006
"557","Thomas","20","M",2006
"558","Ethan","20","M",2006
"559","Lachlan","19","M",2006
"560","Michael","18","M",2006
"561","William","17","M",2006
"562","Jacob","18","M",2006
"563","Xavier","16","M",2006
"564","Jake","16","M",2006
"565","Dylan","14","M",2006
"566","Joseph","14","M",2006
"567","Liam","14","M",2006
"568","Luke","14","M",2006
"569","Mitchell","12","M",2006
"570","Samuel","12","M",2006
"571","Ryan","12","M",2006
"572","Jayden","11","M",2006
"573","Daniel","11","M",2006
"574","Jack","26","M",2005
"575","James","22","M",2005
"576","Lachlan","22","M",2005
"577","Benjamin","19","M",2005
"578","Joshua","19","M",2005
"579","Ryan","17","M",2005
"580","John","16","M",2005
"581","Patrick","16","M",2005
"582","Samuel","16","M",2005
"583","William","15","M",2005
"584","Dylan","14","M",2005
"585","Riley","14","M",2005
"586","Matthew","13","M",2005
"587","Connor","12","M",2005
"588","Daniel","12","M",2005
"589","Ethan","12","M",2005
"590","Zachary","12","M",2005
"591","Luke","11","M",2005
"592","Thomas","11","M",2005
"593","Xavier","11","M",2005
"594","Joshua","23","M",2004
"595","Liam","23","M",2004
"596","Thomas","21","M",2004
"597","Matthew","20","M",2004
"598","Daniel","19","M",2004
"599","Jack","19","M",2004
"600","William","19","M",2004
"601","Samuel","17","M",2004
"602","Dylan","15","M",2004
"603","Luke","15","M",2004
"604","Connor","14","M",2004
"605","James","14","M",2004
"606","Lachlan","14","M",2004
"607","Caleb","13","M",2004
"608","Michael","13","M",2004
"609","Nicholas","13","M",2004
"610","Ryan","13","M",2004
"611","Ethan","12","M",2004
"612","Jason","12","M",2004
"613","Jackson","11","M",2004
"614","Jack","33","M",2003
"615","Thomas","27","M",2003
"616","Joshua","25","M",2003
"617","William","23","M",2003
"618","Mitchell","21","M",2003
"619","John","20","M",2003
"620","Matthew","20","M",2003
"621","Michael","20","M",2003
"622","Dylan","18","M",2003
"623","Ethan","18","M",2003
"624","Nicholas","18","M",2003
"625","Connor","17","M",2003
"626","Daniel","17","M",2003
"627","James","17","M",2003
"628","Liam","16","M",2003
"629","Samuel","16","M",2003
"630","Jacob","14","M",2003
"631","Lachlan","14","M",2003
"632","Patrick","13","M",2003
"633","Angus","12","M",2003
"634","Joshua","38","M",2002
"635","Jack","31","M",2002
"636","Thomas","29","M",2002
"637","Ethan","28","M",2002
"638","Liam","27","M",2002
"639","Jacob","24","M",2002
"640","Matthew","22","M",2002
"641","Mitchell","20","M",2002
"642","Lachlan","19","M",2002
"643","Daniel","17","M",2002
"644","Ryan","16","M",2002
"645","Jake","15","M",2002
"646","David","14","M",2002
"647","Michael","14","M",2002
"648","Samuel","14","M",2002
"649","Aaron","13","M",2002
"650","Benjamin","13","M",2002
"651","Caleb","13","M",2002
"652","Dylan","12","M",2002
"653","Alex","11","M",2002
"654","Daniel","38","M",1980
"655","Andrew","28","M",1980
"656","David","27","M",1980
"657","Michael","25","M",1980
"658","Matthew","24","M",1980
"659","Jason","22","M",1980
"660","Adam","21","M",1980
"661","Mark","21","M",1980
"662","James","20","M",1980
"663","Robert","20","M",1980
"664","Christopher","19","M",1980
"665","Nathan","19","M",1980
"666","Benjamin","18","M",1980
