name,number,sex,year
Oliver,570,Male,2024
Noah,462,Male,2024
Henry,359,Male,2024
Leo,348,Male,2024
Theodore,348,Male,2024
Luca,346,Male,2024
Charlie,341,Male,2024
Jack,334,Male,2024
Archie,292,Male,2024
Levi,289,Male,2024
Hudson,287,Male,2024
William,284,Male,2024
Oscar,262,Male,2024
Thomas,259,Male,2024
Harvey,258,Male,2024
Elijah,254,Male,2024
Lucas,251,Male,2024
Muhammad,238,Male,2024
James,225,Male,2024
Xavier,211,Male,2024
Sebastian,210,Male,2024
Arthur,208,Male,2024
Kai,205,Male,2024
George,203,Male,2024
Alexander,200,Male,2024
Liam,199,Male,2024
Harrison,195,Male,2024
Isaac,195,Male,2024
Harry,193,Male,2024
Ethan,188,Male,2024
Mason,188,Male,2024
Max,186,Male,2024
Archer,182,Male,2024
Edward,176,Male,2024
Hugo,174,Male,2024
Patrick,171,Male,2024
Beau,170,Male,2024
Austin,164,Male,2024
Arlo,156,Male,2024
Sonny,150,Male,2024
Finn,148,Male,2024
Louis,148,Male,2024
Angus,147,Male,2024
Miles,145,Male,2024
Lachlan,143,Male,2024
Cooper,140,Male,2024
Jordan,140,Male,2024
Samuel,139,Male,2024
Billy,138,Male,2024
Hunter,137,Male,2024
Jude,137,Male,2024
Gabriel,136,Male,2024
Ryan,136,Male,2024
Jasper,134,Male,2024
Felix,133,Male,2024
Luka,132,Male,2024
Darcy,126,Male,2024
Benjamin,125,Male,2024
Tommy,122,Male,2024
Remy,121,Male,2024
Riley,121,Male,2024
Leon,117,Male,2024
Spencer,117,Male,2024
Lincoln,116,Male,2024
Eli,115,Male,2024
Louie,112,Male,2024
Parker,111,Male,2024
Logan,109,Male,2024
Ali,108,Male,2024
River,107,Male,2024
Theo,106,Male,2024
Zayn,104,Male,2024
Adam,103,Male,2024
Myles,102,Male,2024
Zachary,102,Male,2024
Joshua,101,Male,2024
Jayden,99,Male,2024
Jackson,98,Male,2024
Asher,97,Male,2024
Roman,97,Male,2024
Joseph,96,Male,2024
Lenny,96,Male,2024
Jacob,95,Male,2024
Aiden,94,Male,2024
Ezra,92,Male,2024
Flynn,91,Male,2024
Hamish,91,Male,2024
Isaiah,88,Male,2024
Caleb,87,Male,2024
Julian,87,Male,2024
Ari,86,Male,2024
Elias,86,Male,2024
Vincent,86,Male,2024
Carter,83,Male,2024
Daniel,83,Male,2024
August,82,Male,2024
Bodhi,82,Male,2024
Ollie,80,Male,2024
Finley,79,Male,2024
Fletcher,78,Male,2024
Leonardo,78,Male,2024
Maverick,78,Male,2024
Nathan,78,Male,2024
Isla,389,Female,2024
Charlotte,382,Female,2024
Amelia,380,Female,2024
Mia,327,Female,2024
Hazel,316,Female,2024
Olivia,309,Female,2024
Matilda,279,Female,2024
Grace,268,Female,2024
Ella,264,Female,2024
Lily,259,Female,2024
Harper,252,Female,2024
Ava,250,Female,2024
Ivy,248,Female,2024
Ruby,229,Female,2024
Chloe,228,Female,2024
Sienna,224,Female,2024
Evelyn,219,Female,2024
Sophie,218,Female,2024
Isabella,214,Female,2024
Mila,213,Female,2024
Zoe,202,Female,2024
Sofia,200,Female,2024
Willow,198,Female,2024
Daisy,193,Female,2024
Lucy,193,Female,2024
Florence,192,Female,2024
Violet,183,Female,2024
Sophie,174,Female,2024
Evie,169,Female,2024
Elsie,167,Female,2024
Maeve,167,Female,2024
Aria,165,Female,2024
Audrey,160,Female,2024
Luna,152,Female,2024
Poppy,150,Female,2024
Eleanor,144,Female,2024
Mackenzie,141,Female,2024
Maya,141,Female,2024
Billie,140,Female,2024
Penelope,140,Female,2024
Remi,137,Female,2024
Zara,137,Female,2024
Ayla,136,Female,2024
Millie,135,Female,2024
Sadie,130,Female,2024
Bonnie,127,Female,2024
Isabelle,126,Female,2024
Layla,123,Female,2024
Aurora,122,Female,2024
Ellie,119,Female,2024
Emilia,116,Female,2024
Georgia,116,Female,2024
Scarlett,116,Female,2024
Eloise,115,Female,2024
Freya,114,Female,2024
Emily,112,Female,2024
Frankie,109,Female,2024
Harriet,109,Female,2024
Alice,106,Female,2024
Eden,106,Female,2024
Hannah,105,Female,2024
Nora,105,Female,2024
Olive,102,Female,2024
Emma,101,Female,2024
Stella,101,Female,2024
Summer,101,Female,2024
Lola,100,Female,2024
Delilah,94,Female,2024
Maggie,94,Female,2024
Pippa,94,Female,2024
Abigail,90,Female,2024
Eliana,86,Female,2024
Eva,86,Female,2024
Margot,84,Female,2024
Rosie,80,Female,2024
Addison,79,Female,2024
Imogen,79,Female,2024
Maisie,79,Female,2024
Lottie,78,Female,2024
Savannah,78,Female,2024
Elena,77,Female,2024
Phoebe,77,Female,2024
Rose,77,Female,2024
Ariana,75,Female,2024
Heidi,73,Female,2024
Nina,69,Female,2024
Elizabeth,68,Female,2024
Jasmine,68,Female,2024
Charlie,67,Female,2024
Cleo,67,Female,2024
Adeline,65,Female,2024
Eliza,65,Female,2024
Bella,64,Female,2024
Aaliyah,63,Female,2024
Claire,63,Female,2024
Clara,63,Female,2024
Kiara,62,Female,2024
Kaia,60,Female,2024
Riley,60,Female,2024
Piper,59,Female,2024
Oliver,514,Male,2023
Noah,461,Male,2023
Henry,374,Male,2023
Leo,357,Male,2023
Charlie,337,Male,2023
Luca,302,Male,2023
Jack,295,Male,2023
Archie,285,Male,2023
Hudson,273,Male,2023
Thomas,270,Male,2023
Levi,268,Male,2023
William,267,Male,2023
Lucas,264,Male,2023
Theodore,264,Male,2023
Harvey,228,Male,2023
Elijah,220,Male,2023
Alexander,208,Male,2023
Oscar,207,Male,2023
James,202,Male,2023
Sebastian,197,Male,2023
Liam,194,Male,2023
Max,193,Male,2023
Kai,171,Male,2023
Harry,170,Male,2023
Arlo,169,Male,2023
Mason,167,Male,2023
Muhammad,167,Male,2023
Xavier,167,Male,2023
Patrick,164,Male,2023
Hugo,163,Male,2023
Harrison,159,Male,2023
Arthur,154,Male,2023
Ethan,153,Male,2023
George,153,Male,2023
Isaac,153,Male,2023
Finn,152,Male,2023
Louis,148,Male,2023
Archer,145,Male,2023
Sonny,144,Male,2023
Hunter,140,Male,2023
Jordan,138,Male,2023
Austin,135,Male,2023
Cooper,134,Male,2023
Beau,130,Male,2023
Samuel,130,Male,2023
Billy,129,Male,2023
Jasper,127,Male,2023
Miles,125,Male,2023
Felix,121,Male,2023
Darcy,119,Male,2023
Lachlan,117,Male,2023
Edward,115,Male,2023
Benjamin,114,Male,2023
Joshua,108,Male,2023
Logan,107,Male,2023
Angus,103,Male,2023
Ryan,103,Male,2023
Luka,102,Male,2023
Jackson,100,Male,2023
Jude,99,Male,2023
Spencer,99,Male,2023
Ali,96,Male,2023
Ezra,95,Male,2023
Lenny,95,Male,2023
Tommy,95,Male,2023
Ari,93,Male,2023
Ollie,92,Male,2023
Riley,92,Male,2023
Theo,92,Male,2023
Lincoln,91,Male,2023
Aiden,90,Male,2023
Hamish,90,Male,2023
Leon,89,Male,2023
Parker,89,Male,2023
Adam,88,Male,2023
Jacob,87,Male,2023
Jayden,87,Male,2023
Zachary,83,Male,2023
Gabriel,82,Male,2023
Carter,81,Male,2023
Remy,81,Male,2023
Leonardo,80,Male,2023
Louie,80,Male,2023
River,80,Male,2023
August,78,Male,2023
Finley,78,Male,2023
Zayn,78,Male,2023
Flynn,77,Male,2023
Caleb,76,Male,2023
Michael,75,Male,2023
Myles,75,Male,2023
Asher,73,Male,2023
Fletcher,72,Male,2023
Roman,71,Male,2023
Ryder,71,Male,2023
Daniel,70,Male,2023
Frederick,69,Male,2023
Charles,68,Male,2023
Owen,67,Male,2023
Phoenix,67,Male,2023
Amelia,333,Female,2023
Charlotte,319,Female,2023
Olivia,306,Female,2023
Mia,289,Female,2023
Isla,280,Female,2023
Hazel,266,Female,2023
Matilda,256,Female,2023
Ava,254,Female,2023
Grace,254,Female,2023
Ella,234,Female,2023
Lily,223,Female,2023
Harper,220,Female,2023
Chloe,213,Female,2023
Sophie,203,Female,2023
Evelyn,199,Female,2023
Isabella,197,Female,2023
Ivy,193,Female,2023
Sienna,193,Female,2023
Willow,191,Female,2023
Zoe,187,Female,2023
Ruby,185,Female,2023
Mila,184,Female,2023
Sophia,170,Female,2023
Daisy,169,Female,2023
Evie,169,Female,2023
Audrey,161,Female,2023
Maeve,148,Female,2023
Billie,147,Female,2023
Aria,142,Female,2023
Lucy,142,Female,2023
Sadie,141,Female,2023
Ayla,137,Female,2023
Maya,137,Female,2023
Layla,135,Female,2023
Scarlett,132,Female,2023
Poppy,131,Female,2023
Remi,131,Female,2023
Violet,131,Female,2023
Georgia,126,Female,2023
Elsie,125,Female,2023
Penelope,125,Female,2023
Florence,124,Female,2023
Mackenzie,122,Female,2023
Zara,121,Female,2023
Eleanor,119,Female,2023
Sofia,118,Female,2023
Emily,114,Female,2023
Millie,114,Female,2023
Hannah,112,Female,2023
Alice,111,Female,2023
Aurora,110,Female,2023
Ellie,110,Female,2023
Frankie,109,Female,2023
Harriet,108,Female,2023
Luna,105,Female,2023
Eloise,104,Female,2023
Bonnie,103,Female,2023
Emilia,103,Female,2023
Emma,100,Female,2023
Freya,100,Female,2023
Isabelle,97,Female,2023
Abigail,96,Female,2023
Maisie,93,Female,2023
Margot,92,Female,2023
Nora,91,Female,2023
Stella,88,Female,2023
Imogen,86,Female,2023
Olive,86,Female,2023
Summer,86,Female,2023
Lola,83,Female,2023
Pippa,82,Female,2023
Eden,80,Female,2023
Eva,77,Female,2023
Addison,71,Female,2023
Rosie,71,Female,2023
Aaliyah,70,Female,2023
Bella,70,Female,2023
Adeline,67,Female,2023
Savannah,67,Female,2023
Heidi,66,Female,2023
Cleo,65,Female,2023
Delilah,65,Female,2023
Elizabeth,65,Female,2023
Nina,65,Female,2023
Phoebe,65,Female,2023
Lottie,64,Female,2023
Jasmine,63,Female,2023
Ada,59,Female,2023
Annabelle,59,Female,2023
Elena,59,Female,2023
Harlow,59,Female,2023
Quinn,59,Female,2023
Kaia,58,Female,2023
Maggie,58,Female,2023
Stevie,57,Female,2023
Eliana,55,Female,2023
Eliza,55,Female,2023
Ariana,53,Female,2023
Goldie,53,Female,2023
Rose,52,Female,2023
Oliver,593,Male,2022
Noah,503,Male,2022
Jack,416,Male,2022
Leo,408,Male,2022
Henry,354,Male,2022
Charlie,344,Male,2022
William,328,Male,2022
Theodore,326,Male,2022
Thomas,282,Male,2022
Hudson,274,Male,2022
Archie,272,Male,2022
Luca,271,Male,2022
Lucas,270,Male,2022
Levi,260,Male,2022
Harvey,246,Male,2022
Max,236,Male,2022
Harry,229,Male,2022
Liam,221,Male,2022
Alexander,216,Male,2022
Elijah,214,Male,2022
Oscar,213,Male,2022
James,202,Male,2022
Mason,198,Male,2022
Sebastian,195,Male,2022
Isaac,189,Male,2022
Kai,187,Male,2022
Patrick,187,Male,2022
Ethan,185,Male,2022
Xavier,184,Male,2022
Harrison,182,Male,2022
Arlo,174,Male,2022
George,174,Male,2022
Hugo,173,Male,2022
Benjamin,156,Male,2022
Hunter,154,Male,2022
Finn,153,Male,2022
Archer,152,Male,2022
Arthur,147,Male,2022
Jordan,147,Male,2022
Logan,145,Male,2022
Louis,144,Male,2022
Lachlan,135,Male,2022
Austin,134,Male,2022
Beau,130,Male,2022
Cooper,124,Male,2022
Jasper,123,Male,2022
Muhammad,121,Male,2022
Riley,121,Male,2022
Jacob,119,Male,2022
Edward,118,Male,2022
Sonny,117,Male,2022
Angus,114,Male,2022
Billy,114,Male,2022
River,113,Male,2022
Samuel,113,Male,2022
Hamish,111,Male,2022
Miles,111,Male,2022
Ryan,111,Male,2022
Spencer,111,Male,2022
Darcy,109,Male,2022
Felix,109,Male,2022
Joshua,108,Male,2022
Lincoln,108,Male,2022
Jackson,105,Male,2022
Leon,104,Male,2022
Asher,102,Male,2022
Parker,99,Male,2022
Remy,99,Male,2022
Lenny,98,Male,2022
Luka,97,Male,2022
Adam,95,Male,2022
Ezra,95,Male,2022
Flynn,94,Male,2022
Jayden,91,Male,2022
Aiden,89,Male,2022
Gabriel,87,Male,2022
Leonardo,87,Male,2022
Ollie,87,Male,2022
Ari,86,Male,2022
Daniel,86,Male,2022
Jaxon,86,Male,2022
Charles,85,Male,2022
Theo,85,Male,2022
Joseph,84,Male,2022
Tommy,83,Male,2022
Carter,80,Male,2022
Ali,79,Male,2022
Otis,78,Male,2022
Zachary,77,Male,2022
Frederick,76,Male,2022
Fletcher,75,Male,2022
Caleb,74,Male,2022
Louie,74,Male,2022
Maxwell,74,Male,2022
Nate,74,Male,2022
Jude,73,Male,2022
Rafael,73,Male,2022
August,71,Male,2022
Isaiah,71,Male,2022
Nathan,71,Male,2022
Charlotte,367,Female,2022
Amelia,356,Female,2022
Isla,345,Female,2022
Mia,345,Female,2022
Olivia,326,Female,2022
Matilda,296,Female,2022
Ava,293,Female,2022
Ella,283,Female,2022
Grace,283,Female,2022
Hazel,266,Female,2022
Lily,258,Female,2022
Ivy,251,Female,2022
Willow,239,Female,2022
Isabella,222,Female,2022
Zoe,221,Female,2022
Chloe,214,Female,2022
Evie,214,Female,2022
Mila,210,Female,2022
Ruby,210,Female,2022
Sophie,205,Female,2022
Sienna,202,Female,2022
Daisy,197,Female,2022
Harper,196,Female,2022
Evelyn,184,Female,2022
Audrey,183,Female,2022
Billie,183,Female,2022
Scarlett,173,Female,2022
Lucy,165,Female,2022
Aria,152,Female,2022
Zara,150,Female,2022
Penelope,148,Female,2022
Luna,147,Female,2022
Layla,146,Female,2022
Violet,143,Female,2022
Poppy,139,Female,2022
Maya,138,Female,2022
Sofia,138,Female,2022
Eleanor,137,Female,2022
Florence,137,Female,2022
Ellie,136,Female,2022
Sophia,135,Female,2022
Georgia,132,Female,2022
Frankie,131,Female,2022
Emily,130,Female,2022
Hannah,129,Female,2022
Elsie,126,Female,2022
Freya,126,Female,2022
Mackenzie,126,Female,2022
Isabelle,120,Female,2022
Alice,118,Female,2022
Remi,118,Female,2022
Ayla,117,Female,2022
Sadie,117,Female,2022
Bonnie,113,Female,2022
Maeve,112,Female,2022
Emma,109,Female,2022
Abigail,108,Female,2022
Aurora,104,Female,2022
Harriet,104,Female,2022
Millie,104,Female,2022
Emilia,103,Female,2022
Eloise,101,Female,2022
Stella,101,Female,2022
Summer,100,Female,2022
Addison,95,Female,2022
Eva,91,Female,2022
Olive,91,Female,2022
Lola,89,Female,2022
Heidi,86,Female,2022
Pippa,86,Female,2022
Charlie,81,Female,2022
Elena,79,Female,2022
Jasmine,79,Female,2022
Kiara,76,Female,2022
Eden,75,Female,2022
Elizabeth,75,Female,2022
Piper,75,Female,2022
Adeline,73,Female,2022
Rose,73,Female,2022
Maisie,72,Female,2022
Quinn,72,Female,2022
Rosie,72,Female,2022
Harlow,71,Female,2022
Aaliyah,70,Female,2022
Ariana,70,Female,2022
Bella,68,Female,2022
Eliza,67,Female,2022
Amber,66,Female,2022
Maggie,66,Female,2022
Imogen,65,Female,2022
Eliana,64,Female,2022
Margot,64,Female,2022
Nora,64,Female,2022
Annabelle,62,Female,2022
Alina,61,Female,2022
Savannah,60,Female,2022
Peyton,59,Female,2022
Stevie,59,Female,2022
Delilah,58,Female,2022
Lottie,58,Female,2022
Oliver,551,Male,2021
Noah,522,Male,2021
Jack,417,Male,2021
Charlie,360,Male,2021
Leo,360,Male,2021
Henry,356,Male,2021
William,356,Male,2021
Levi,312,Male,2021
Thomas,310,Male,2021
Archie,302,Male,2021
Oscar,294,Male,2021
Lucas,292,Male,2021
Max,283,Male,2021
Theodore,264,Male,2021
Luca,257,Male,2021
Elijah,253,Male,2021
Xavier,241,Male,2021
Hudson,237,Male,2021
Liam,237,Male,2021
Harry,236,Male,2021
Ethan,232,Male,2021
Alexander,228,Male,2021
Mason,224,Male,2021
James,213,Male,2021
Harvey,202,Male,2021
Isaac,201,Male,2021
Lachlan,201,Male,2021
Samuel,196,Male,2021
Sebastian,193,Male,2021
Hugo,192,Male,2021
Patrick,187,Male,2021
George,186,Male,2021
Harrison,180,Male,2021
Arlo,177,Male,2021
Finn,173,Male,2021
Hunter,173,Male,2021
Archer,169,Male,2021
Muhammad,168,Male,2021
Louis,163,Male,2021
Cooper,159,Male,2021
Jordan,153,Male,2021
Joshua,152,Male,2021
Edward,145,Male,2021
Lincoln,145,Male,2021
Logan,145,Male,2021
Sonny,141,Male,2021
Angus,140,Male,2021
Jasper,139,Male,2021
Benjamin,133,Male,2021
River,131,Male,2021
Kai,130,Male,2021
Ryan,129,Male,2021
Spencer,124,Male,2021
Arthur,123,Male,2021
Jackson,121,Male,2021
Felix,120,Male,2021
Jacob,120,Male,2021
Jayden,117,Male,2021
Aiden,114,Male,2021
Parker,114,Male,2021
Gabriel,110,Male,2021
Miles,109,Male,2021
Beau,108,Male,2021
Eli,107,Male,2021
Darcy,106,Male,2021
Luka,106,Male,2021
Asher,103,Male,2021
Hamish,103,Male,2021
Billy,102,Male,2021
Lenny,102,Male,2021
Austin,99,Male,2021
Ryder,99,Male,2021
Carter,98,Male,2021
Fletcher,98,Male,2021
Zachary,98,Male,2021
Ari,96,Male,2021
Jude,95,Male,2021
Adam,94,Male,2021
Riley,93,Male,2021
Daniel,92,Male,2021
Leon,92,Male,2021
Leonardo,91,Male,2021
Charles,90,Male,2021
Flynn,88,Male,2021
Caleb,87,Male,2021
Joseph,85,Male,2021
Frederick,84,Male,2021
Jaxon,84,Male,2021
Owen,84,Male,2021
Ollie,83,Male,2021
Ezra,81,Male,2021
Matthew,81,Male,2021
Ali,79,Male,2021
Nicholas,78,Male,2021
Bodhi,76,Male,2021
Finley,75,Male,2021
Toby,75,Male,2021
Maverick,74,Male,2021
Remy,74,Male,2021
Alfie,73,Male,2021
Charlotte,410,Female,2021
Olivia,407,Female,2021
Isla,388,Female,2021
Amelia,363,Female,2021
Mia,353,Female,2021
Ava,331,Female,2021
Grace,312,Female,2021
Matilda,284,Female,2021
Zoe,274,Female,2021
Willow,270,Female,2021
Ella,266,Female,2021
Chloe,257,Female,2021
Isabella,248,Female,2021
Evie,239,Female,2021
Mila,237,Female,2021
Hazel,236,Female,2021
Sophie,235,Female,2021
Ivy,230,Female,2021
Harper,224,Female,2021
Lily,219,Female,2021
Ruby,211,Female,2021
Sienna,206,Female,2021
Evelyn,194,Female,2021
Sophia,193,Female,2021
Aria,190,Female,2021
Daisy,186,Female,2021
Billie,174,Female,2021
Lucy,170,Female,2021
Zara,170,Female,2021
Florence,167,Female,2021
Poppy,166,Female,2021
Scarlett,163,Female,2021
Isabelle,162,Female,2021
Frankie,160,Female,2021
Audrey,159,Female,2021
Layla,150,Female,2021
Alice,148,Female,2021
Violet,148,Female,2021
Ayla,144,Female,2021
Emily,142,Female,2021
Hannah,142,Female,2021
Eleanor,138,Female,2021
Georgia,138,Female,2021
Sofia,137,Female,2021
Emilia,134,Female,2021
Penelope,134,Female,2021
Ellie,132,Female,2021
Sadie,131,Female,2021
Emma,129,Female,2021
Luna,129,Female,2021
Mackenzie,127,Female,2021
Elsie,125,Female,2021
Eva,124,Female,2021
Harriet,120,Female,2021
Maya,118,Female,2021
Abigail,115,Female,2021
Maeve,113,Female,2021
Freya,111,Female,2021
Summer,105,Female,2021
Stella,101,Female,2021
Aurora,99,Female,2021
Bella,93,Female,2021
Heidi,90,Female,2021
Millie,90,Female,2021
Addison,89,Female,2021
Piper,89,Female,2021
Savannah,89,Female,2021
Jasmine,87,Female,2021
Bonnie,86,Female,2021
Amber,85,Female,2021
Ariana,84,Female,2021
Eden,83,Female,2021
Remi,83,Female,2021
Imogen,82,Female,2021
Phoebe,81,Female,2021
Olive,80,Female,2021
Rose,80,Female,2021
Elizabeth,79,Female,2021
Eloise,79,Female,2021
Lola,77,Female,2021
Pippa,76,Female,2021
Nora,75,Female,2021
Eliza,71,Female,2021
Riley,71,Female,2021
Quinn,70,Female,2021
Charlie,68,Female,2021
Elena,68,Female,2021
Adeline,67,Female,2021
Delilah,66,Female,2021
Nina,66,Female,2021
Cleo,65,Female,2021
Indiana,65,Female,2021
Anna,64,Female,2021
Alyssa,63,Female,2021
Annabelle,63,Female,2021
Kiara,63,Female,2021
Harlow,62,Female,2021
Maggie,62,Female,2021
Maisie,62,Female,2021
Stevie,62,Female,2021
Oliver,546,Male,2020
Noah,491,Male,2020
William,409,Male,2020
Jack,408,Male,2020
Charlie,342,Male,2020
Thomas,339,Male,2020
Leo,335,Male,2020
Henry,316,Male,2020
Levi,304,Male,2020
Archie,295,Male,2020
Oscar,290,Male,2020
Lucas,280,Male,2020
Ethan,266,Male,2020
Liam,263,Male,2020
Hudson,249,Male,2020
James,248,Male,2020
Theodore,246,Male,2020
Alexander,238,Male,2020
Elijah,231,Male,2020
Isaac,229,Male,2020
Mason,224,Male,2020
Max,224,Male,2020
Harry,219,Male,2020
Xavier,211,Male,2020
Harvey,209,Male,2020
Patrick,209,Male,2020
Harrison,208,Male,2020
Luca,206,Male,2020
Archer,189,Male,2020
Hunter,184,Male,2020
Benjamin,182,Male,2020
Hugo,179,Male,2020
Sebastian,176,Male,2020
Finn,173,Male,2020
George,168,Male,2020
Lachlan,167,Male,2020
Ryan,167,Male,2020
Cooper,162,Male,2020
Muhammad,159,Male,2020
Jordan,158,Male,2020
Joshua,156,Male,2020
Samuel,155,Male,2020
Arlo,154,Male,2020
Louis,145,Male,2020
Logan,142,Male,2020
Arthur,141,Male,2020
Edward,139,Male,2020
Jacob,134,Male,2020
Daniel,131,Male,2020
Jayden,131,Male,2020
Jackson,128,Male,2020
Jasper,128,Male,2020
Jude,127,Male,2020
Spencer,125,Male,2020
Austin,120,Male,2020
Lincoln,120,Male,2020
River,119,Male,2020
Felix,118,Male,2020
Eli,117,Male,2020
Kai,116,Male,2020
Aiden,114,Male,2020
Riley,114,Male,2020
Adam,112,Male,2020
Jaxon,111,Male,2020
Angus,110,Male,2020
Sonny,110,Male,2020
Leon,103,Male,2020
Leonardo,103,Male,2020
Zachary,103,Male,2020
Gabriel,102,Male,2020
Darcy,99,Male,2020
Beau,98,Male,2020
Michael,95,Male,2020
Charles,93,Male,2020
Miles,93,Male,2020
Caleb,92,Male,2020
Parker,92,Male,2020
Ryder,92,Male,2020
Ezra,89,Male,2020
Flynn,89,Male,2020
Lenny,89,Male,2020
Owen,89,Male,2020
Bodhi,87,Male,2020
Billy,86,Male,2020
Fletcher,86,Male,2020
Ali,84,Male,2020
Hamish,84,Male,2020
Luke,83,Male,2020
Nathan,82,Male,2020
Toby,81,Male,2020
Connor,79,Male,2020
Dylan,79,Male,2020
Joseph,78,Male,2020
Asher,77,Male,2020
Matthew,76,Male,2020
Ashton,75,Male,2020
Marcus,75,Male,2020
Ari,74,Male,2020
John,74,Male,2020
Lewis,74,Male,2020
Charlotte,413,Female,2020
Amelia,402,Female,2020
Olivia,373,Female,2020
Mia,356,Female,2020
Isla,351,Female,2020
Ava,335,Female,2020
Matilda,289,Female,2020
Chloe,275,Female,2020
Grace,273,Female,2020
Ella,265,Female,2020
Willow,262,Female,2020
Sophie,259,Female,2020
Zoe,251,Female,2020
Harper,244,Female,2020
Evie,241,Female,2020
Ruby,239,Female,2020
Ivy,228,Female,2020
Isabella,219,Female,2020
Mila,218,Female,2020
Evelyn,217,Female,2020
Hazel,199,Female,2020
Sienna,194,Female,2020
Lily,191,Female,2020
Zara,190,Female,2020
Lucy,183,Female,2020
Audrey,181,Female,2020
Emily,181,Female,2020
Hannah,171,Female,2020
Aria,166,Female,2020
Scarlett,163,Female,2020
Sophia,162,Female,2020
Isabelle,152,Female,2020
Daisy,146,Female,2020
Georgia,143,Female,2020
Luna,143,Female,2020
Eleanor,140,Female,2020
Maya,140,Female,2020
Violet,140,Female,2020
Billie,137,Female,2020
Florence,136,Female,2020
Emma,134,Female,2020
Layla,134,Female,2020
Penelope,134,Female,2020
Ellie,133,Female,2020
Ayla,131,Female,2020
Emilia,130,Female,2020
Abigail,128,Female,2020
Sofia,128,Female,2020
Eva,126,Female,2020
Sadie,125,Female,2020
Alice,122,Female,2020
Harriet,117,Female,2020
Poppy,114,Female,2020
Frankie,113,Female,2020
Elsie,111,Female,2020
Mackenzie,105,Female,2020
Jasmine,103,Female,2020
Freya,102,Female,2020
Stella,100,Female,2020
Elizabeth,97,Female,2020
Millie,95,Female,2020
Rosie,95,Female,2020
Quinn,91,Female,2020
Maeve,89,Female,2020
Rose,88,Female,2020
Kiara,86,Female,2020
Remi,85,Female,2020
Lola,84,Female,2020
Anna,83,Female,2020
Aurora,83,Female,2020
Amber,81,Female,2020
Maggie,81,Female,2020
Eloise,77,Female,2020
Bonnie,76,Female,2020
Charlie,76,Female,2020
Imogen,76,Female,2020
Summer,76,Female,2020
Piper,75,Female,2020
Addison,74,Female,2020
Elena,74,Female,2020
Heidi,74,Female,2020
Madeline,73,Female,2020
Phoebe,73,Female,2020
Savannah,73,Female,2020
Sarah,71,Female,2020
Olive,69,Female,2020
Annabelle,67,Female,2020
Ariana,67,Female,2020
Isabel,67,Female,2020
Eden,66,Female,2020
Maddison,66,Female,2020
Molly,66,Female,2020
Leah,64,Female,2020
Ada,63,Female,2020
Bella,62,Female,2020
Lara,61,Female,2020
Peyton,61,Female,2020
Pippa,61,Female,2020
Harlow,59,Female,2020
Madison,59,Female,2020
Oliver,537,Male,2019
Jack,502,Male,2019
Noah,459,Male,2019
William,424,Male,2019
Thomas,385,Male,2019
Leo,377,Male,2019
Lucas,357,Male,2019
Charlie,353,Male,2019
Henry,340,Male,2019
Ethan,334,Male,2019
Oscar,307,Male,2019
Alexander,306,Male,2019
Liam,289,Male,2019
James,278,Male,2019
Harvey,273,Male,2019
Max,267,Male,2019
Mason,264,Male,2019
Levi,255,Male,2019
Harry,253,Male,2019
Elijah,247,Male,2019
Xavier,242,Male,2019
Harrison,234,Male,2019
Isaac,233,Male,2019
Theodore,229,Male,2019
Hudson,218,Male,2019
Luca,212,Male,2019
Archie,211,Male,2019
Patrick,206,Male,2019
Hunter,205,Male,2019
Arlo,200,Male,2019
Sebastian,197,Male,2019
Ryan,196,Male,2019
Archer,193,Male,2019
Lachlan,188,Male,2019
Benjamin,186,Male,2019
Edward,184,Male,2019
Samuel,180,Male,2019
Louis,179,Male,2019
George,173,Male,2019
Jacob,172,Male,2019
Logan,167,Male,2019
Jasper,163,Male,2019
Jayden,163,Male,2019
Jordan,163,Male,2019
Hugo,161,Male,2019
Joshua,159,Male,2019
Finn,152,Male,2019
Jackson,150,Male,2019
Cooper,149,Male,2019
Angus,146,Male,2019
Daniel,156,Male,2019
Muhammad,144,Male,2019
Arthur,141,Male,2019
Joseph,131,Male,2019
Kai,129,Male,2019
Michael,126,Male,2019
Riley,124,Male,2019
Jaxon,122,Male,2019
Zachary,121,Male,2019
Adam,120,Male,2019
Eli,120,Male,2019
Spencer,120,Male,2019
Aiden,118,Male,2019
Lincoln,118,Male,2019
Flynn,116,Male,2019
Carter,115,Male,2019
Charles,115,Male,2019
Austin,110,Male,2019
Felix,109,Male,2019
Leon,109,Male,2019
Darcy,108,Male,2019
Jude,106,Male,2019
Beau,105,Male,2019
Dylan,101,Male,2019
Connor,100,Male,2019
Hamish,100,Male,2019
Parker,100,Male,2019
Asher,99,Male,2019
Elliot,97,Male,2019
Gabriel,95,Male,2019
Ezra,94,Male,2019
Fletcher,94,Male,2019
Ali,93,Male,2019
Aaron,92,Male,2019
Matthew,72,Male,2019
Nathan,92,Male,2019
Sonny,92,Male,2019
Marcus,91,Male,2019
Caleb,90,Male,2019
Ryder,90,Male,2019
Ari,89,Male,2019
Jake,88,Male,2019
Vincent,87,Male,2019
Lenny,86,Male,2019
Owen,86,Male,2019
Nate,85,Male,2019
Ashton,83,Male,2019
Billy,83,Male,2019
Christian,83,Male,2019
Miles,82,Male,2019
Olivia,419,Female,2019
Mia,413,Female,2019
Charlotte,408,Female,2019
Amelia,396,Female,2019
Isla,368,Female,2019
Ava,350,Female,2019
Chloe,326,Female,2019
Zoe,294,Female,2019
Ruby,293,Female,2019
Harper,289,Female,2019
Matilda,278,Female,2019
Willow,277,Female,2019
Evie,272,Female,2019
Grace,269,Female,2019
Ella,267,Female,2019
Sophie,261,Female,2019
Ivy,248,Female,2019
Isabella,244,Female,2019
Evelyn,233,Female,2019
Sienna,230,Female,2019
Emily,217,Female,2019
Hazel,216,Female,2019
Zara,214,Female,2019
Hannah,208,Female,2019
Lily,206,Female,2019
Mila,201,Female,2019
Audrey,197,Female,2019
Lucy,195,Female,2019
Scarlett,192,Female,2019
Aria,175,Female,2019
Emma,166,Female,2019
Isabelle,161,Female,2019
Sophia,161,Female,2019
Poppy,151,Female,2019
Georgia,149,Female,2019
Abigail,144,Female,2019
Florence,144,Female,2019
Layla,144,Female,2019
Alice,143,Female,2019
Luna,138,Female,2019
Violet,132,Female,2019
Eleanor,131,Female,2019
Ellie,131,Female,2019
Ayla,128,Female,2019
Frankie,128,Female,2019
Billie,127,Female,2019
Eva,127,Female,2019
Emilia,125,Female,2019
Maya,125,Female,2019
Sofia,120,Female,2019
Sadie,119,Female,2019
Stella,119,Female,2019
Harriet,118,Female,2019
Daisy,115,Female,2019
Penelope,112,Female,2019
Elizabeth,109,Female,2019
Piper,108,Female,2019
Freya,106,Female,2019
Elsie,105,Female,2019
Jasmine,105,Female,2019
Sarah,104,Female,2019
Mackenzie,97,Female,2019
Eden,91,Female,2019
Eliza,90,Female,2019
Heidi,89,Female,2019
Annabelle,88,Female,2019
Lola,88,Female,2019
Aurora,87,Female,2019
Ariana,86,Female,2019
Phoebe,85,Female,2019
Bonnie,83,Female,2019
Charlie,83,Female,2019
Imogen,83,Female,2019
Amber,81,Female,2019
Victoria,81,Female,2019
Eloise,80,Female,2019
Olive,79,Female,2019
Clara,78,Female,2019
Anna,77,Female,2019
Savannah,77,Female,2019
Holly,76,Female,2019
Nina,76,Female,2019
Summer,76,Female,2019
Rose,72,Female,2019
Kiara,71,Female,2019
Addison,70,Female,2019
Lara,70,Female,2019
Pippa,70,Female,2019
Quinn,70,Female,2019
Remi,70,Female,2019
Claire,69,Female,2019
Elena,69,Female,2019
Madison,69,Female,2019
Maeve,69,Female,2019
Alexis,68,Female,2019
Millie,68,Female,2019
Maddison,67,Female,2019
Madeline,67,Female,2019
Molly,66,Female,2019
Riley,66,Female,2019
Oliver,507,Male,2018
Jack,463,Male,2018
William,436,Male,2018
Noah,355,Male,2018
Thomas,345,Male,2018
Henry,331,Male,2018
Leo,314,Male,2018
Ethan,295,Male,2018
Liam,270,Male,2018
Charlie,270,Male,2018
Max,268,Male,2018
Harry,267,Male,2018
Lucas,264,Male,2018
Alexander,253,Male,2018
James,249,Male,2018
Oscar,245,Male,2018
Mason,242,Male,2018
Hudson,234,Male,2018
Harrison,229,Male,2018
Xavier,220,Male,2018
Isaac,217,Male,2018
Levi,212,Male,2018
Harvey,208,Male,2018
Patrick,206,Male,2018
Samuel,203,Male,2018
Logan,203,Male,2018
Joshua,190,Male,2018
Elijah,189,Male,2018
Benjamin,187,Male,2018
Lachlan,185,Male,2018
Ryan,184,Male,2018
Hunter,180,Male,2018
Theodore,179,Male,2018
Sebastian,177,Male,2018
Archie,169,Male,2018
Archer,168,Male,2018
Edward,159,Male,2018
George,154,Male,2018
Jacob,151,Male,2018
Cooper,150,Male,2018
Hugo,141,Male,2018
Finn,139,Male,2018
Luca,138,Male,2018
Muhammad,136,Male,2018
Arlo,136,Male,2018
Daniel,128,Male,2018
Jayden,126,Male,2018
Austin,121,Male,2018
Lincoln,119,Male,2018
Jordan,119,Male,2018
Aiden,119,Male,2018
Darcy,118,Male,2018
Angus,118,Male,2018
Jasper,116,Male,2018
Louis,115,Male,2018
Riley,113,Male,2018
Jackson,113,Male,2018
Zachary,108,Male,2018
Eli,108,Male,2018
Flynn,106,Male,2018
Spencer,102,Male,2018
Kai,102,Male,2018
Jaxon,98,Male,2018
Arthur,97,Male,2018
Joseph,96,Male,2018
Adam,96,Male,2018
Beau,93,Male,2018
Michael,92,Male,2018
Dylan,90,Male,2018
Hamish,88,Male,2018
Nathan,86,Male,2018
Christian,86,Male,2018
Tyler,85,Male,2018
Nate,85,Male,2018
Connor,85,Male,2018
Carter,85,Male,2018
River,84,Male,2018
Leon,84,Male,2018
Leonardo,83,Male,2018
Charles,82,Male,2018
Sonny,81,Male,2018
Blake,81,Male,2018
Felix,80,Male,2018
Ali,80,Male,2018
Matthew,79,Male,2018
Caleb,77,Male,2018
Jude,76,Male,2018
Billy,76,Male,2018
Maxwell,75,Male,2018
Gabriel,75,Male,2018
Toby,74,Male,2018
Owen,74,Male,2018
Luke,74,Male,2018
Nicholas,73,Male,2018
Ryder,72,Male,2018
Rafael,71,Male,2018
Ashton,70,Male,2018
Asher,70,Male,2018
Parker,68,Male,2018
Lewis,68,Male,2018
Olivia,374,Female,2018
Charlotte,367,Female,2018
Amelia,365,Female,2018
Mia,358,Female,2018
Ava,332,Female,2018
Isla,290,Female,2018
Zoe,287,Female,2018
Chloe,277,Female,2018
Grace,257,Female,2018
Matilda,250,Female,2018
Evie,246,Female,2018
Ella,246,Female,2018
Emily,229,Female,2018
Sophie,227,Female,2018
Isabella,225,Female,2018
Willow,223,Female,2018
Harper,218,Female,2018
Ruby,215,Female,2018
Ivy,207,Female,2018
Mila,204,Female,2018
Lily,199,Female,2018
Evelyn,195,Female,2018
Hannah,174,Female,2018
Zara,168,Female,2018
Sophia,168,Female,2018
Scarlett,165,Female,2018
Lucy,163,Female,2018
Isabelle,163,Female,2018
Georgia,161,Female,2018
Aria,160,Female,2018
Sienna,158,Female,2018
Hazel,156,Female,2018
Eva,150,Female,2018
Audrey,144,Female,2018
Alice,143,Female,2018
Abigail,141,Female,2018
Layla,136,Female,2018
Emma,132,Female,2018
Florence,128,Female,2018
Daisy,113,Female,2018
Sofia,111,Female,2018
Harriet,110,Female,2018
Ellie,105,Female,2018
Poppy,103,Female,2018
Maya,103,Female,2018
Sarah,101,Female,2018
Eleanor,98,Female,2018
Billie,98,Female,2018
Sadie,97,Female,2018
Violet,96,Female,2018
Stella,95,Female,2018
Elsie,95,Female,2018
Jasmine,93,Female,2018
Frankie,92,Female,2018
Emilia,92,Female,2018
Lola,89,Female,2018
Heidi,89,Female,2018
Eliza,89,Female,2018
Summer,84,Female,2018
Rose,84,Female,2018
Phoebe,84,Female,2018
Penelope,84,Female,2018
Ayla,84,Female,2018
Piper,82,Female,2018
Mackenzie,81,Female,2018
Savannah,80,Female,2018
Quinn,79,Female,2018
Madison,77,Female,2018
Eden,77,Female,2018
Imogen,76,Female,2018
Alexis,75,Female,2018
Anna,74,Female,2018
Ariana,73,Female,2018
Annabelle,73,Female,2018
Bonnie,72,Female,2018
Elena,71,Female,2018
Alyssa,71,Female,2018
Aurora,70,Female,2018
Maddison,69,Female,2018
Luna,69,Female,2018
Freya,69,Female,2018
Maggie,67,Female,2018
Elizabeth,67,Female,2018
Olive,66,Female,2018
Madeleine,65,Female,2018
Indiana,65,Female,2018
Alexandra,63,Female,2018
Eloise,62,Female,2018
Victoria,61,Female,2018
Milla,60,Female,2018
Pippa,59,Female,2018
Bella,59,Female,2018
Claire,58,Female,2018
Charlie,58,Female,2018
Adeline,58,Female,2018
Molly,56,Female,2018
Lara,56,Female,2018
Edith,56,Female,2018
Millie,55,Female,2018
Isabel,54,Female,2018
Oliver,509,Male,2017
William,466,Male,2017
Jack,450,Male,2017
Noah,372,Male,2017
Thomas,345,Male,2017
James,323,Male,2017
Lucas,315,Male,2017
Henry,282,Male,2017
Charlie,280,Male,2017
Ethan,279,Male,2017
Alexander,264,Male,2017
Xavier,263,Male,2017
Leo,263,Male,2017
Mason,259,Male,2017
Liam,253,Male,2017
Max,241,Male,2017
Harry,238,Male,2017
Harvey,236,Male,2017
Oscar,230,Male,2017
Samuel,225,Male,2017
Isaac,221,Male,2017
Levi,216,Male,2017
Logan,213,Male,2017
Benjamin,211,Male,2017
Harrison,204,Male,2017
Joshua,200,Male,2017
Ryan,199,Male,2017
Archie,195,Male,2017
Lachlan,188,Male,2017
Patrick,186,Male,2017
Hudson,184,Male,2017
Sebastian,183,Male,2017
Jacob,183,Male,2017
Archer,183,Male,2017
Hunter,182,Male,2017
Elijah,182,Male,2017
Cooper,180,Male,2017
Edward,168,Male,2017
George,167,Male,2017
Daniel,154,Male,2017
Jordan,150,Male,2017
Luca,148,Male,2017
Theodore,144,Male,2017
Zachary,143,Male,2017
Hugo,143,Male,2017
Aiden,143,Male,2017
Arlo,142,Male,2017
Darcy,141,Male,2017
Jackson,137,Male,2017
Finn,133,Male,2017
Jayden,127,Male,2017
Lincoln,126,Male,2017
Jaxon,122,Male,2017
Eli,121,Male,2017
Muhammad,119,Male,2017
Flynn,115,Male,2017
Adam,111,Male,2017
Hamish,110,Male,2017
Spencer,109,Male,2017
Riley,107,Male,2017
Louis,107,Male,2017
Austin,106,Male,2017
Angus,105,Male,2017
Kai,104,Male,2017
Michael,101,Male,2017
Matthew,101,Male,2017
Jasper,101,Male,2017
Charles,101,Male,2017
Ali,101,Male,2017
Gabriel,100,Male,2017
Connor,99,Male,2017
Blake,98,Male,2017
Joseph,97,Male,2017
Caleb,97,Male,2017
Nate,93,Male,2017
Nicholas,92,Male,2017
Tyler,91,Male,2017
Sonny,88,Male,2017
Dylan,87,Male,2017
Ashton,82,Male,2017
Toby,80,Male,2017
Ryder,80,Male,2017
Luke,80,Male,2017
Nathan,79,Male,2017
Owen,76,Male,2017
Fletcher,76,Male,2017
Billy,76,Male,2017
Jude,73,Male,2017
Arthur,73,Male,2017
Lewis,72,Male,2017
Felix,72,Male,2017
Maxwell,71,Male,2017
Jake,71,Male,2017
Parker,70,Male,2017
Leonardo,68,Male,2017
Jesse,68,Male,2017
Leon,67,Male,2017
Ari,67,Male,2017
Asher,66,Male,2017
Aaron,66,Male,2017
Charlotte,426,Female,2017
Olivia,360,Female,2017
Amelia,357,Female,2017
Ava,347,Female,2017
Mia,319,Female,2017
Zoe,299,Female,2017
Evie,284,Female,2017
Grace,283,Female,2017
Isla,282,Female,2017
Ella,248,Female,2017
Chloe,247,Female,2017
Sophie,246,Female,2017
Isabella,241,Female,2017
Harper,239,Female,2017
Emily,239,Female,2017
Evelyn,224,Female,2017
Matilda,223,Female,2017
Lily,218,Female,2017
Ivy,218,Female,2017
Ruby,215,Female,2017
Lucy,208,Female,2017
Hannah,193,Female,2017
Scarlett,191,Female,2017
Zara,190,Female,2017
Emma,186,Female,2017
Willow,183,Female,2017
Sienna,181,Female,2017
Audrey,181,Female,2017
Georgia,173,Female,2017
Eva,160,Female,2017
Aria,159,Female,2017
Sophia,151,Female,2017
Isabelle,151,Female,2017
Mila,149,Female,2017
Hazel,149,Female,2017
Abigail,145,Female,2017
Billie,135,Female,2017
Violet,127,Female,2017
Layla,121,Female,2017
Alice,117,Female,2017
Maya,116,Female,2017
Harriet,111,Female,2017
Ellie,111,Female,2017
Frankie,105,Female,2017
Stella,100,Female,2017
Poppy,98,Female,2017
Piper,97,Female,2017
Penelope,96,Female,2017
Jasmine,95,Female,2017
Emilia,93,Female,2017
Annabelle,93,Female,2017
Mackenzie,88,Female,2017
Elizabeth,88,Female,2017
Sarah,87,Female,2017
Sofia,86,Female,2017
Maddison,85,Female,2017
Phoebe,82,Female,2017
Eleanor,81,Female,2017
Daisy,81,Female,2017
Lola,80,Female,2017
Imogen,80,Female,2017
Anna,79,Female,2017
Victoria,78,Female,2017
Alexis,78,Female,2017
Savannah,77,Female,2017
Indiana,77,Female,2017
Claire,77,Female,2017
Bonnie,77,Female,2017
Quinn,76,Female,2017
Eden,76,Female,2017
Aurora,74,Female,2017
Summer,73,Female,2017
Rose,73,Female,2017
Heidi,73,Female,2017
Florence,73,Female,2017
Elsie,72,Female,2017
Ayla,72,Female,2017
Sadie,71,Female,2017
Eloise,71,Female,2017
Madison,70,Female,2017
Milla,68,Female,2017
Freya,67,Female,2017
Eve,67,Female,2017
Lilly,66,Female,2017
Bella,66,Female,2017
Holly,65,Female,2017
Elena,65,Female,2017
Ariana,65,Female,2017
Alexandra,64,Female,2017
Addison,64,Female,2017
Eliza,62,Female,2017
Madeleine,61,Female,2017
Maggie,60,Female,2017
Anastasia,59,Female,2017
Isabel,58,Female,2017
Madeline,57,Female,2017
Lara,57,Female,2017
Harlow,57,Female,2017
Luna,56,Female,2017
Jessica,56,Female,2017
Oliver,516,Male,2016
Jack,435,Male,2016
William,405,Male,2016
Noah,373,Male,2016
James,333,Male,2016
Ethan,325,Male,2016
Thomas,320,Male,2016
Max,282,Male,2016
Mason,263,Male,2016
Alexander,262,Male,2016
Henry,261,Male,2016
Lucas,258,Male,2016
Charlie,247,Male,2016
Leo,242,Male,2016
Lachlan,239,Male,2016
Isaac,234,Male,2016
Liam,233,Male,2016
Harry,221,Male,2016
Samuel,218,Male,2016
Xavier,216,Male,2016
Oscar,215,Male,2016
Joshua,213,Male,2016
Harrison,210,Male,2016
Harvey,209,Male,2016
Benjamin,207,Male,2016
Sebastian,197,Male,2016
Hunter,190,Male,2016
Jacob,186,Male,2016
Levi,183,Male,2016
Ryan,182,Male,2016
Hudson,182,Male,2016
Patrick,181,Male,2016
Cooper,181,Male,2016
Archie,174,Male,2016
Archer,172,Male,2016
Edward,162,Male,2016
Elijah,159,Male,2016
Daniel,152,Male,2016
George,151,Male,2016
Flynn,150,Male,2016
Logan,149,Male,2016
Jordan,149,Male,2016
Jayden,143,Male,2016
Lincoln,130,Male,2016
Angus,130,Male,2016
Aiden,126,Male,2016
Finn,125,Male,2016
Tyler,122,Male,2016
Nate,122,Male,2016
Luca,121,Male,2016
Riley,120,Male,2016
Louis,119,Male,2016
Zachary,118,Male,2016
Arlo,115,Male,2016
Jackson,114,Male,2016
Muhammad,110,Male,2016
Michael,109,Male,2016
Hugo,109,Male,2016
Austin,107,Male,2016
Kai,106,Male,2016
Eli,105,Male,2016
Hamish,103,Male,2016
Nathan,101,Male,2016
Fletcher,99,Male,2016
Owen,98,Male,2016
Charles,96,Male,2016
Jasper,95,Male,2016
Blake,90,Male,2016
Ryder,88,Male,2016
Nathaniel,88,Male,2016
Jude,87,Male,2016
Jake,86,Male,2016
Chase,86,Male,2016
Theodore,85,Male,2016
Jaxon,85,Male,2016
Adam,85,Male,2016
Caleb,84,Male,2016
Luke,83,Male,2016
Dylan,83,Male,2016
Beau,82,Male,2016
Spencer,81,Male,2016
Nicholas,81,Male,2016
Felix,80,Male,2016
Sonny,77,Male,2016
Gabriel,77,Male,2016
Lewis,76,Male,2016
Darcy,76,Male,2016
Connor,76,Male,2016
Mitchell,75,Male,2016
Maxwell,75,Male,2016
Matthew,75,Male,2016
Marcus,75,Male,2016
Joseph,74,Male,2016
Christian,74,Male,2016
John,70,Male,2016
Ashton,70,Male,2016
Ali,70,Male,2016
Toby,69,Male,2016
Billy,67,Male,2016
Lenny,66,Male,2016
Charlotte,453,Female,2016
Olivia,413,Female,2016
Mia,364,Female,2016
Amelia,355,Female,2016
Ava,324,Female,2016
Isla,323,Female,2016
Zoe,304,Female,2016
Evie,301,Female,2016
Grace,278,Female,2016
Chloe,273,Female,2016
Sophie,262,Female,2016
Emily,247,Female,2016
Ella,242,Female,2016
Harper,236,Female,2016
Ivy,223,Female,2016
Evelyn,222,Female,2016
Matilda,221,Female,2016
Isabella,217,Female,2016
Ruby,209,Female,2016
Lily,207,Female,2016
Lucy,205,Female,2016
Scarlett,189,Female,2016
Willow,187,Female,2016
Sienna,184,Female,2016
Emma,175,Female,2016
Eva,159,Female,2016
Zara,158,Female,2016
Mila,154,Female,2016
Audrey,154,Female,2016
Georgia,147,Female,2016
Hannah,145,Female,2016
Aria,144,Female,2016
Sophia,143,Female,2016
Isabelle,136,Female,2016
Layla,121,Female,2016
Alice,120,Female,2016
Maya,113,Female,2016
Poppy,108,Female,2016
Billie,106,Female,2016
Abigail,106,Female,2016
Violet,100,Female,2016
Piper,99,Female,2016
Hazel,97,Female,2016
Milla,91,Female,2016
Elizabeth,91,Female,2016
Sofia,90,Female,2016
Ellie,90,Female,2016
Sarah,88,Female,2016
Imogen,88,Female,2016
Savannah,87,Female,2016
Alexis,86,Female,2016
Jasmine,85,Female,2016
Eliza,85,Female,2016
Eleanor,85,Female,2016
Alexandra,85,Female,2016
Mackenzie,84,Female,2016
Lola,84,Female,2016
Harriet,84,Female,2016
Stella,83,Female,2016
Phoebe,83,Female,2016
Frankie,83,Female,2016
Ayla,83,Female,2016
Penelope,82,Female,2016
Eden,81,Female,2016
Emilia,80,Female,2016
Rose,78,Female,2016
Anna,78,Female,2016
Annabelle,78,Female,2016
Madison,76,Female,2016
Madeleine,76,Female,2016
Victoria,74,Female,2016
Sadie,74,Female,2016
Charlie,74,Female,2016
Addison,73,Female,2016
Aurora,72,Female,2016
Claire,71,Female,2016
Eve,70,Female,2016
Maddison,69,Female,2016
Isabel,67,Female,2016
Summer,66,Female,2016
Olive,66,Female,2016
Bella,66,Female,2016
Madeline,65,Female,2016
Ariana,65,Female,2016
Jessica,63,Female,2016
Holly,63,Female,2016
Elsie,63,Female,2016
Alyssa,63,Female,2016
Paige,62,Female,2016
Chelsea,62,Female,2016
Indiana,60,Female,2016
Bonnie,59,Female,2016
Aisha,59,Female,2016
Quinn,58,Female,2016
Daisy,58,Female,2016
Maggie,57,Female,2016
Molly,56,Female,2016
Heidi,56,Female,2016
Eloise,56,Female,2016
Leah,55,Female,2016
Oliver,527,Male,2015
Jack,415,Male,2015
William,411,Male,2015
Thomas,337,Male,2015
Noah,320,Male,2015
Ethan,305,Male,2015
James,286,Male,2015
Lucas,284,Male,2015
Max,258,Male,2015
Charlie,249,Male,2015
Mason,245,Male,2015
Alexander,245,Male,2015
Oscar,241,Male,2015
Liam,233,Male,2015
Lachlan,232,Male,2015
Henry,231,Male,2015
Xavier,222,Male,2015
Leo,211,Male,2015
Isaac,208,Male,2015
Benjamin,208,Male,2015
Samuel,204,Male,2015
Levi,202,Male,2015
Harry,200,Male,2015
Hudson,192,Male,2015
Patrick,189,Male,2015
Joshua,184,Male,2015
Archer,178,Male,2015
Archie,176,Male,2015
Hunter,173,Male,2015
Harrison,172,Male,2015
Jacob,169,Male,2015
Cooper,169,Male,2015
Ryan,166,Male,2015
Logan,161,Male,2015
Sebastian,159,Male,2015
Daniel,156,Male,2015
Harvey,154,Male,2015
George,147,Male,2015
Edward,142,Male,2015
Jackson,134,Male,2015
Jayden,133,Male,2015
Luca,132,Male,2015
Angus,130,Male,2015
Louis,129,Male,2015
Flynn,128,Male,2015
Hugo,126,Male,2015
Elijah,123,Male,2015
Riley,121,Male,2015
Aiden,120,Male,2015
Michael,117,Male,2015
Finn,116,Male,2015
Tyler,111,Male,2015
Zachary,109,Male,2015
Ryder,109,Male,2015
Hamish,104,Male,2015
Dylan,104,Male,2015
Spencer,103,Male,2015
Jordan,103,Male,2015
Jake,103,Male,2015
Luke,100,Male,2015
Adam,100,Male,2015
Nate,95,Male,2015
Owen,94,Male,2015
Blake,91,Male,2015
Lincoln,90,Male,2015
Connor,90,Male,2015
Nathan,88,Male,2015
Kai,87,Male,2015
Eli,86,Male,2015
Chase,86,Male,2015
Beau,83,Male,2015
Austin,83,Male,2015
Ashton,83,Male,2015
Matthew,82,Male,2015
Marcus,82,Male,2015
Theodore,81,Male,2015
Muhammad,78,Male,2015
Jaxon,78,Male,2015
Gabriel,78,Male,2015
Maxwell,77,Male,2015
Joseph,77,Male,2015
Nicholas,76,Male,2015
Jett,75,Male,2015
Jasper,75,Male,2015
Christian,75,Male,2015
Nathaniel,74,Male,2015
Fletcher,72,Male,2015
Lewis,71,Male,2015
Mitchell,69,Male,2015
Charles,69,Male,2015
Toby,66,Male,2015
Darcy,66,Male,2015
Billy,66,Male,2015
Julian,65,Male,2015
Felix,65,Male,2015
Arlo,65,Male,2015
Alex,65,Male,2015
Hayden,63,Male,2015
Ali,63,Male,2015
Aaron,63,Male,2015
Olivia,393,Female,2015
Charlotte,352,Female,2015
Amelia,338,Female,2015
Ava,324,Female,2015
Mia,283,Female,2015
Chloe,281,Female,2015
Zoe,268,Female,2015
Evie,263,Female,2015
Sophie,242,Female,2015
Emily,237,Female,2015
Ella,236,Female,2015
Matilda,235,Female,2015
Grace,235,Female,2015
Ruby,225,Female,2015
Isabella,223,Female,2015
Isla,216,Female,2015
Ivy,206,Female,2015
Harper,202,Female,2015
Sienna,201,Female,2015
Lily,197,Female,2015
Scarlett,196,Female,2015
Emma,185,Female,2015
Zara,166,Female,2015
Evelyn,163,Female,2015
Lucy,156,Female,2015
Georgia,142,Female,2015
Willow,140,Female,2015
Isabelle,135,Female,2015
Sophia,134,Female,2015
Alice,134,Female,2015
Eva,132,Female,2015
Audrey,132,Female,2015
Hannah,128,Female,2015
Mila,126,Female,2015
Jasmine,122,Female,2015
Aria,117,Female,2015
Maddison,115,Female,2015
Abigail,115,Female,2015
Sarah,114,Female,2015
Layla,112,Female,2015
Poppy,107,Female,2015
Maya,107,Female,2015
Summer,104,Female,2015
Stella,99,Female,2015
Annabelle,97,Female,2015
Violet,96,Female,2015
Imogen,95,Female,2015
Ellie,92,Female,2015
Mackenzie,87,Female,2015
Elizabeth,87,Female,2015
Sofia,84,Female,2015
Savannah,83,Female,2015
Victoria,79,Female,2015
Milla,78,Female,2015
Madison,78,Female,2015
Holly,78,Female,2015
Billie,78,Female,2015
Hazel,77,Female,2015
Eden,77,Female,2015
Anna,76,Female,2015
Alyssa,75,Female,2015
Harriet,73,Female,2015
Alexis,73,Female,2015
Sadie,72,Female,2015
Eve,72,Female,2015
Lola,71,Female,2015
Jessica,71,Female,2015
Alexandra,70,Female,2015
Indiana,69,Female,2015
Frankie,69,Female,2015
Chelsea,68,Female,2015
Phoebe,67,Female,2015
Rose,66,Female,2015
Eleanor,66,Female,2015
Claire,66,Female,2015
Molly,64,Female,2015
Eliza,64,Female,2015
Addison,64,Female,2015
Madeleine,63,Female,2015
Penelope,62,Female,2015
Eloise,61,Female,2015
Ariana,61,Female,2015
Heidi,60,Female,2015
Isabel,59,Female,2015
Olive,57,Female,2015
Charlie,57,Female,2015
Emilia,55,Female,2015
Aurora,55,Female,2015
Piper,54,Female,2015
Madeline,54,Female,2015
Elsie,53,Female,2015
Daisy,51,Female,2015
Aisha,51,Female,2015
Natalie,50,Female,2015
Lexi,50,Female,2015
Bella,50,Female,2015
Ayla,50,Female,2015
Kiara,49,Female,2015
Samantha,48,Female,2015
Paige,48,Female,2015
Oliver,504,Male,2014
Jack,464,Male,2014
William,463,Male,2014
Noah,374,Male,2014
Thomas,342,Male,2014
James,337,Male,2014
Lucas,318,Male,2014
Ethan,305,Male,2014
Mason,269,Male,2014
Lachlan,269,Male,2014
Alexander,269,Male,2014
Charlie,261,Male,2014
Oscar,258,Male,2014
Liam,257,Male,2014
Xavier,245,Male,2014
Henry,244,Male,2014
Max,243,Male,2014
Joshua,243,Male,2014
Samuel,235,Male,2014
Benjamin,230,Male,2014
Isaac,222,Male,2014
Harrison,219,Male,2014
Harry,217,Male,2014
Levi,204,Male,2014
Jacob,204,Male,2014
Patrick,201,Male,2014
Ryan,196,Male,2014
Daniel,189,Male,2014
Hunter,187,Male,2014
Edward,178,Male,2014
Cooper,178,Male,2014
Sebastian,175,Male,2014
Hudson,175,Male,2014
Archie,175,Male,2014
Jackson,173,Male,2014
Logan,171,Male,2014
Leo,168,Male,2014
Flynn,161,Male,2014
Elijah,159,Male,2014
Archer,157,Male,2014
Jayden,152,Male,2014
Jaxon,148,Male,2014
Aiden,142,Male,2014
Harvey,140,Male,2014
Angus,137,Male,2014
Riley,133,Male,2014
George,130,Male,2014
Blake,130,Male,2014
Hugo,128,Male,2014
Jordan,125,Male,2014
Zachary,118,Male,2014
Ryder,117,Male,2014
Nate,116,Male,2014
Luca,115,Male,2014
Jake,115,Male,2014
Michael,114,Male,2014
Matthew,107,Male,2014
Tyler,103,Male,2014
Nicholas,103,Male,2014
Dylan,100,Male,2014
Kai,96,Male,2014
Spencer,95,Male,2014
Luke,94,Male,2014
Nathan,93,Male,2014
Finn,92,Male,2014
Marcus,91,Male,2014
Louis,91,Male,2014
Lincoln,91,Male,2014
Hamish,89,Male,2014
Eli,88,Male,2014
Austin,87,Male,2014
Owen,86,Male,2014
Adam,86,Male,2014
Caleb,84,Male,2014
Aaron,84,Male,2014
Mitchell,83,Male,2014
Joseph,83,Male,2014
Felix,83,Male,2014
Ashton,82,Male,2014
Hayden,79,Male,2014
Connor,79,Male,2014
Christian,77,Male,2014
Alex,77,Male,2014
Muhammad,76,Male,2014
Jasper,76,Male,2014
Chase,75,Male,2014
Maxwell,74,Male,2014
Toby,72,Male,2014
Theodore,72,Male,2014
Gabriel,71,Male,2014
Evan,71,Male,2014
Charles,70,Male,2014
Bailey,68,Male,2014
Anthony,68,Male,2014
Zac,67,Male,2014
Fletcher,67,Male,2014
Nathaniel,66,Male,2014
Ali,66,Male,2014
Jude,65,Male,2014
Lenny,61,Male,2014
Olivia,443,Female,2014
Charlotte,393,Female,2014
Mia,355,Female,2014
Ava,345,Female,2014
Chloe,328,Female,2014
Amelia,316,Female,2014
Sophie,313,Female,2014
Emily,301,Female,2014
Ruby,284,Female,2014
Ella,274,Female,2014
Grace,266,Female,2014
Zoe,263,Female,2014
Sienna,255,Female,2014
Isabella,254,Female,2014
Matilda,238,Female,2014
Scarlett,215,Female,2014
Evie,210,Female,2014
Ivy,196,Female,2014
Zara,195,Female,2014
Isla,195,Female,2014
Emma,192,Female,2014
Lily,185,Female,2014
Lucy,182,Female,2014
Harper,168,Female,2014
Hannah,154,Female,2014
Isabelle,148,Female,2014
Willow,146,Female,2014
Sophia,146,Female,2014
Eva,144,Female,2014
Abigail,140,Female,2014
Evelyn,139,Female,2014
Georgia,135,Female,2014
Maya,132,Female,2014
Violet,121,Female,2014
Jasmine,121,Female,2014
Mila,120,Female,2014
Audrey,120,Female,2014
Imogen,119,Female,2014
Maddison,108,Female,2014
Annabelle,108,Female,2014
Layla,104,Female,2014
Alice,103,Female,2014
Poppy,102,Female,2014
Jessica,102,Female,2014
Sofia,100,Female,2014
Stella,99,Female,2014
Alexis,95,Female,2014
Ellie,93,Female,2014
Summer,91,Female,2014
Lola,91,Female,2014
Aria,88,Female,2014
Indiana,86,Female,2014
Holly,86,Female,2014
Sarah,85,Female,2014
Alexandra,85,Female,2014
Anna,84,Female,2014
Madison,83,Female,2014
Elizabeth,83,Female,2014
Savannah,82,Female,2014
Milla,80,Female,2014
Mackenzie,79,Female,2014
Alyssa,79,Female,2014
Eden,78,Female,2014
Sadie,77,Female,2014
Rose,75,Female,2014
Isabel,75,Female,2014
Chelsea,72,Female,2014
Emilia,71,Female,2014
Addison,71,Female,2014
Madeleine,70,Female,2014
Eliza,70,Female,2014
Paige,69,Female,2014
Harriet,69,Female,2014
Victoria,66,Female,2014
Olive,66,Female,2014
Eloise,66,Female,2014
Ayla,66,Female,2014
Piper,65,Female,2014
Molly,64,Female,2014
Heidi,64,Female,2014
Bella,62,Female,2014
Ariana,62,Female,2014
Madeline,61,Female,2014
Elsie,61,Female,2014
Phoebe,60,Female,2014
Eve,60,Female,2014
Claire,60,Female,2014
Pippa,59,Female,2014
Hayley,59,Female,2014
Daisy,59,Female,2014
Charlie,59,Female,2014
Sara,57,Female,2014
Lilly,57,Female,2014
Hazel,57,Female,2014
Frankie,57,Female,2014
Lexi,55,Female,2014
Billie,55,Female,2014
Penelope,54,Female,2014
Millie,54,Female,2014
Amy,54,Female,2014
William,494,Male,2013
Jack,485,Male,2013
Oliver,469,Male,2013
Ethan,381,Male,2013
Thomas,374,Male,2013
James,372,Male,2013
Noah,368,Male,2013
Joshua,327,Male,2013
Lucas,309,Male,2013
Mason,288,Male,2013
Lachlan,286,Male,2013
Xavier,285,Male,2013
Liam,285,Male,2013
Alexander,276,Male,2013
Max,271,Male,2013
Samuel,266,Male,2013
Benjamin,256,Male,2013
Cooper,254,Male,2013
Henry,246,Male,2013
Oscar,244,Male,2013
Harrison,235,Male,2013
Charlie,233,Male,2013
Harry,230,Male,2013
Jacob,225,Male,2013
Jackson,197,Male,2013
Daniel,196,Male,2013
Hudson,194,Male,2013
Sebastian,193,Male,2013
Levi,189,Male,2013
Isaac,189,Male,2013
Logan,186,Male,2013
Ryan,180,Male,2013
Leo,178,Male,2013
Archie,178,Male,2013
Patrick,176,Male,2013
Riley,171,Male,2013
Hunter,165,Male,2013
Blake,162,Male,2013
Edward,159,Male,2013
Jayden,155,Male,2013
Archer,154,Male,2013
Zachary,148,Male,2013
Elijah,147,Male,2013
Angus,147,Male,2013
Aiden,147,Male,2013
Tyler,139,Male,2013
Luca,139,Male,2013
Jaxon,138,Male,2013
Jake,136,Male,2013
Luke,133,Male,2013
Flynn,131,Male,2013
Nicholas,129,Male,2013
Jordan,129,Male,2013
Nathan,127,Male,2013
Ryder,125,Male,2013
Matthew,124,Male,2013
Michael,121,Male,2013
Dylan,121,Male,2013
Mitchell,119,Male,2013
Finn,117,Male,2013
Connor,116,Male,2013
Spencer,114,Male,2013
Eli,113,Male,2013
Harvey,112,Male,2013
Lincoln,108,Male,2013
Hugo,106,Male,2013
Adam,106,Male,2013
Louis,97,Male,2013
Joseph,96,Male,2013
Hamish,95,Male,2013
George,95,Male,2013
Nate,93,Male,2013
Braxton,90,Male,2013
Chase,89,Male,2013
Bailey,89,Male,2013
Nathaniel,88,Male,2013
Jasper,86,Male,2013
Austin,86,Male,2013
Lewis,85,Male,2013
Hayden,85,Male,2013
Zac,82,Male,2013
Owen,81,Male,2013
Christian,81,Male,2013
Darcy,80,Male,2013
Beau,80,Male,2013
Aaron,80,Male,2013
Ali,79,Male,2013
Charles,77,Male,2013
Toby,76,Male,2013
Marcus,76,Male,2013
David,76,Male,2013
Caleb,75,Male,2013
Ashton,75,Male,2013
Alex,75,Male,2013
Felix,74,Male,2013
Joel,71,Male,2013
Jesse,71,Male,2013
Aidan,67,Male,2013
Jude,66,Male,2013
John,66,Male,2013
Charlotte,435,Female,2013
Ava,412,Female,2013
Olivia,390,Female,2013
Mia,368,Female,2013
Emily,344,Female,2013
Sophie,332,Female,2013
Isabella,327,Female,2013
Chloe,326,Female,2013
Ruby,325,Female,2013
Amelia,320,Female,2013
Grace,302,Female,2013
Ella,274,Female,2013
Zoe,268,Female,2013
Matilda,246,Female,2013
Sienna,233,Female,2013
Lily,231,Female,2013
Isla,225,Female,2013
Emma,220,Female,2013
Zara,218,Female,2013
Lucy,211,Female,2013
Evie,196,Female,2013
Ivy,189,Female,2013
Scarlett,169,Female,2013
Sophia,167,Female,2013
Hannah,165,Female,2013
Harper,156,Female,2013
Abigail,150,Female,2013
Willow,146,Female,2013
Georgia,143,Female,2013
Eva,140,Female,2013
Layla,139,Female,2013
Isabelle,139,Female,2013
Imogen,132,Female,2013
Audrey,132,Female,2013
Madison,130,Female,2013
Alice,130,Female,2013
Alexis,125,Female,2013
Jasmine,118,Female,2013
Jessica,115,Female,2013
Stella,114,Female,2013
Maya,112,Female,2013
Mila,111,Female,2013
Sarah,105,Female,2013
Summer,102,Female,2013
Sofia,102,Female,2013
Milla,102,Female,2013
Chelsea,100,Female,2013
Mackenzie,99,Female,2013
Annabelle,99,Female,2013
Evelyn,97,Female,2013
Poppy,95,Female,2013
Lola,95,Female,2013
Holly,93,Female,2013
Alexandra,92,Female,2013
Elizabeth,88,Female,2013
Bella,88,Female,2013
Rose,87,Female,2013
Paige,84,Female,2013
Addison,84,Female,2013
Ellie,83,Female,2013
Eliza,82,Female,2013
Lilly,81,Female,2013
Eve,81,Female,2013
Maddison,80,Female,2013
Hayley,79,Female,2013
Violet,78,Female,2013
Olive,78,Female,2013
Victoria,76,Female,2013
Madeleine,76,Female,2013
Heidi,76,Female,2013
Eden,76,Female,2013
Molly,75,Female,2013
Isabel,75,Female,2013
Aria,73,Female,2013
Phoebe,71,Female,2013
Alyssa,71,Female,2013
Savannah,69,Female,2013
Indiana,69,Female,2013
Anna,67,Female,2013
Pippa,66,Female,2013
Mikayla,66,Female,2013
Madeline,65,Female,2013
Amelie,65,Female,2013
Samantha,63,Female,2013
Eloise,63,Female,2013
Amber,61,Female,2013
Amy,60,Female,2013
Tahlia,59,Female,2013
Harriet,58,Female,2013
Millie,57,Female,2013
Lexi,57,Female,2013
Lara,57,Female,2013
Charli,57,Female,2013
Stephanie,56,Female,2013
Daisy,55,Female,2013
Leah,54,Female,2013
Indigo,54,Female,2013
Claire,54,Female,2013
Piper,53,Female,2013
Penelope,53,Female,2013
Jack,490,Male,2012
William,476,Male,2012
Oliver,432,Male,2012
Ethan,426,Male,2012
Thomas,423,Male,2012
Noah,409,Male,2012
James,381,Male,2012
Lucas,338,Male,2012
Joshua,317,Male,2012
Alexander,313,Male,2012
Cooper,298,Male,2012
Lachlan,297,Male,2012
Xavier,289,Male,2012
Samuel,285,Male,2012
Max,283,Male,2012
Liam,283,Male,2012
Oscar,281,Male,2012
Mason,266,Male,2012
Charlie,264,Male,2012
Jacob,261,Male,2012
Benjamin,258,Male,2012
Harry,256,Male,2012
Henry,240,Male,2012
Ryan,228,Male,2012
Riley,217,Male,2012
Harrison,209,Male,2012
Isaac,197,Male,2012
Levi,190,Male,2012
Sebastian,179,Male,2012
Daniel,179,Male,2012
Tyler,178,Male,2012
Logan,178,Male,2012
Archie,178,Male,2012
Patrick,170,Male,2012
Jackson,166,Male,2012
Flynn,165,Male,2012
Blake,163,Male,2012
Jayden,157,Male,2012
Hunter,156,Male,2012
Matthew,151,Male,2012
Luke,149,Male,2012
Angus,149,Male,2012
Nicholas,146,Male,2012
Dylan,146,Male,2012
Zachary,145,Male,2012
Archer,145,Male,2012
Jake,144,Male,2012
Aiden,144,Male,2012
Edward,143,Male,2012
Hudson,134,Male,2012
Jaxon,132,Male,2012
Michael,131,Male,2012
Mitchell,126,Male,2012
Ryder,125,Male,2012
Nathan,125,Male,2012
Leo,122,Male,2012
Hamish,121,Male,2012
Jordan,120,Male,2012
Hayden,119,Male,2012
Elijah,116,Male,2012
Finn,114,Male,2012
Luca,113,Male,2012
Marcus,110,Male,2012
Jasper,107,Male,2012
Connor,105,Male,2012
Nate,100,Male,2012
Joseph,100,Male,2012
George,99,Male,2012
Adam,99,Male,2012
Chase,94,Male,2012
Christian,93,Male,2012
Bailey,93,Male,2012
Owen,92,Male,2012
Harvey,92,Male,2012
Declan,91,Male,2012
Caleb,90,Male,2012
Braxton,90,Male,2012
Kai,89,Male,2012
Alex,89,Male,2012
Hugo,87,Male,2012
Charles,87,Male,2012
Austin,87,Male,2012
Eli,85,Male,2012
Ashton,85,Male,2012
Jett,84,Male,2012
Tyson,82,Male,2012
Zac,80,Male,2012
Spencer,80,Male,2012
Seth,80,Male,2012
Louis,80,Male,2012
Aidan,80,Male,2012
Toby,78,Male,2012
Lincoln,78,Male,2012
Felix,78,Male,2012
Darcy,78,Male,2012
Anthony,78,Male,2012
Beau,75,Male,2012
Aaron,75,Male,2012
Gabriel,71,Male,2012
Julian,70,Male,2012
Olivia,437,Female,2012
Charlotte,427,Female,2012
Ruby,419,Female,2012
Chloe,399,Female,2012
Mia,368,Female,2012
Emily,365,Female,2012
Amelia,358,Female,2012
Sophie,357,Female,2012
Ava,353,Female,2012
Zoe,336,Female,2012
Isabella,324,Female,2012
Sienna,323,Female,2012
Ella,318,Female,2012
Lily,308,Female,2012
Grace,304,Female,2012
Matilda,248,Female,2012
Isla,209,Female,2012
Scarlett,206,Female,2012
Emma,200,Female,2012
Hannah,196,Female,2012
Evie,178,Female,2012
Eva,171,Female,2012
Sophia,162,Female,2012
Lucy,161,Female,2012
Isabelle,161,Female,2012
Zara,154,Female,2012
Ivy,151,Female,2012
Jasmine,147,Female,2012
Harper,144,Female,2012
Jessica,143,Female,2012
Madison,134,Female,2012
Audrey,134,Female,2012
Alice,132,Female,2012
Milla,131,Female,2012
Willow,129,Female,2012
Maddison,127,Female,2012
Georgia,126,Female,2012
Abigail,126,Female,2012
Sarah,125,Female,2012
Stella,123,Female,2012
Maya,112,Female,2012
Alexis,112,Female,2012
Mackenzie,110,Female,2012
Layla,109,Female,2012
Mila,105,Female,2012
Summer,104,Female,2012
Chelsea,104,Female,2012
Elizabeth,102,Female,2012
Lilly,99,Female,2012
Imogen,98,Female,2012
Eliza,97,Female,2012
Poppy,96,Female,2012
Bella,89,Female,2012
Alexandra,89,Female,2012
Molly,87,Female,2012
Violet,85,Female,2012
Paige,85,Female,2012
Hayley,85,Female,2012
Eve,85,Female,2012
Lola,83,Female,2012
Holly,82,Female,2012
Annabelle,81,Female,2012
Victoria,79,Female,2012
Madeleine,78,Female,2012
Addison,76,Female,2012
Anna,75,Female,2012
Tahlia,74,Female,2012
Ellie,73,Female,2012
Alyssa,73,Female,2012
Rose,72,Female,2012
Pippa,72,Female,2012
Claire,72,Female,2012
Phoebe,71,Female,2012
Piper,68,Female,2012
Madeline,68,Female,2012
Isabel,68,Female,2012
Indiana,68,Female,2012
Evelyn,68,Female,2012
Charli,68,Female,2012
Savannah,67,Female,2012
Gemma,66,Female,2012
Ebony,66,Female,2012
Sofia,65,Female,2012
Heidi,65,Female,2012
Eden,65,Female,2012
Charlie,63,Female,2012
Lara,60,Female,2012
Kayla,59,Female,2012
Amy,57,Female,2012
Alana,54,Female,2012
Stephanie,53,Female,2012
Sara,53,Female,2012
Olive,53,Female,2012
Natalie,53,Female,2012
Leah,53,Female,2012
Kiara,53,Female,2012
Jade,53,Female,2012
Billie,53,Female,2012
Amber,53,Female,2012
Harriet,52,Female,2012
Jack,470,Male,2011
William,461,Male,2011
Oliver,454,Male,2011
Ethan,445,Male,2011
Noah,390,Male,2011
Thomas,385,Male,2011
James,380,Male,2011
Lucas,365,Male,2011
Joshua,347,Male,2011
Lachlan,341,Male,2011
Cooper,317,Male,2011
Liam,317,Male,2011
Xavier,304,Male,2011
Max,292,Male,2011
Benjamin,289,Male,2011
Samuel,279,Male,2011
Alexander,273,Male,2011
Charlie,270,Male,2011
Harry,260,Male,2011
Oscar,241,Male,2011
Jacob,230,Male,2011
Riley,216,Male,2011
Mason,213,Male,2011
Ryan,207,Male,2011
Henry,200,Male,2011
Daniel,198,Male,2011
Jake,192,Male,2011
Tyler,192,Male,2011
Harrison,186,Male,2011
Jackson,170,Male,2011
Levi,168,Male,2011
Nicholas,166,Male,2011
Jayden,164,Male,2011
Luke,164,Male,2011
Sebastian,162,Male,2011
Isaac,157,Male,2011
Archie,156,Male,2011
Blake,156,Male,2011
Aiden,154,Male,2011
Nathan,143,Male,2011
Angus,141,Male,2011
Zachary,141,Male,2011
Matthew,140,Male,2011
Logan,139,Male,2011
Patrick,137,Male,2011
Michael,132,Male,2011
Hamish,131,Male,2011
Hunter,130,Male,2011
Edward,129,Male,2011
Leo,123,Male,2011
Jordan,122,Male,2011
Dylan,120,Male,2011
Flynn,119,Male,2011
Ryder,119,Male,2011
Adam,115,Male,2011
Connor,115,Male,2011
Archer,110,Male,2011
Finn,110,Male,2011
Mitchell,110,Male,2011
Elijah,107,Male,2011
Jasper,107,Male,2011
Luca,107,Male,2011
Marcus,105,Male,2011
Hayden,104,Male,2011
Zac,103,Male,2011
Christian,102,Male,2011
Harvey,102,Male,2011
Joseph,99,Male,2011
Owen,99,Male,2011
Hudson,97,Male,2011
Chase,95,Male,2011
Eli,95,Male,2011
Bailey,94,Male,2011
Jesse,91,Male,2011
Darcy,90,Male,2011
George,90,Male,2011
Caleb,89,Male,2011
Ashton,88,Male,2011
Kai,88,Male,2011
Aaron,85,Male,2011
Nate,85,Male,2011
Charles,84,Male,2011
Declan,81,Male,2011
Gabriel,81,Male,2011
Jett,81,Male,2011
Aidan,78,Male,2011
Austin,78,Male,2011
Jonathan,78,Male,2011
Hugo,76,Male,2011
Jaxon,76,Male,2011
Seth,76,Male,2011
Sam,75,Male,2011
Alex,74,Male,2011
David,74,Male,2011
Louis,74,Male,2011
Anthony,73,Male,2011
Lewis,73,Male,2011
Andrew,72,Male,2011
Beau,70,Male,2011
Callum,69,Male,2011
Mia,428,Female,2011
Ruby,406,Female,2011
Olivia,404,Female,2011
Chloe,392,Female,2011
Charlotte,381,Female,2011
Isabella,359,Female,2011
Sienna,355,Female,2011
Amelia,352,Female,2011
Ella,339,Female,2011
Lily,334,Female,2011
Sophie,321,Female,2011
Ava,318,Female,2011
Emily,318,Female,2011
Grace,296,Female,2011
Zoe,280,Female,2011
Matilda,220,Female,2011
Lucy,194,Female,2011
Georgia,174,Female,2011
Scarlett,166,Female,2011
Hannah,165,Female,2011
Zara,156,Female,2011
Emma,155,Female,2011
Isla,153,Female,2011
Evie,151,Female,2011
Jessica,151,Female,2011
Isabelle,138,Female,2011
Eva,136,Female,2011
Ivy,136,Female,2011
Maya,134,Female,2011
Abigail,132,Female,2011
Jasmine,132,Female,2011
Madison,132,Female,2011
Holly,125,Female,2011
Sarah,125,Female,2011
Milla,122,Female,2011
Alice,115,Female,2011
Alexis,112,Female,2011
Chelsea,109,Female,2011
Sophia,108,Female,2011
Willow,108,Female,2011
Stella,103,Female,2011
Audrey,102,Female,2011
Maddison,99,Female,2011
Lilly,96,Female,2011
Poppy,92,Female,2011
Isabel,87,Female,2011
Summer,86,Female,2011
Anna,85,Female,2011
Layla,85,Female,2011
Annabelle,83,Female,2011
Imogen,83,Female,2011
Violet,83,Female,2011
Eliza,82,Female,2011
Addison,81,Female,2011
Claire,81,Female,2011
Alyssa,80,Female,2011
Lola,80,Female,2011
Alexandra,79,Female,2011
Elizabeth,79,Female,2011
Harper,79,Female,2011
Charli,78,Female,2011
Molly,78,Female,2011
Ellie,77,Female,2011
Amelie,74,Female,2011
Hayley,74,Female,2011
Mila,73,Female,2011
Lara,72,Female,2011
Mikayla,72,Female,2011
Phoebe,72,Female,2011
Tahlia,72,Female,2011
Eve,71,Female,2011
Madeleine,71,Female,2011
Alana,69,Female,2011
Paige,69,Female,2011
Piper,67,Female,2011
Samantha,67,Female,2011
Caitlin,65,Female,2011
Abbey,64,Female,2011
Heidi,64,Female,2011
Indiana,64,Female,2011
Mackenzie,64,Female,2011
Olive,62,Female,2011
Savannah,62,Female,2011
Victoria,61,Female,2011
Gemma,60,Female,2011
Leah,60,Female,2011
Sofia,60,Female,2011
Amy,59,Female,2011
Bella,59,Female,2011
Evelyn,59,Female,2011
Madeline,59,Female,2011
Amber,58,Female,2011
Rose,58,Female,2011
Stephanie,56,Female,2011
Jade,53,Female,2011
Charlie,52,Female,2011
Eden,52,Female,2011
Abby,51,Female,2011
Angelina,51,Female,2011
Daisy,51,Female,2011
Jack,558,Male,2010
William,503,Male,2010
Thomas,436,Male,2010
Oliver,397,Male,2010
Joshua,378,Male,2010
James,374,Male,2010
Ethan,362,Male,2010
Noah,360,Male,2010
Cooper,359,Male,2010
Max,327,Male,2010
Lucas,326,Male,2010
Benjamin,318,Male,2010
Lachlan,314,Male,2010
Samuel,294,Male,2010
Xavier,286,Male,2010
Alexander,282,Male,2010
Liam,268,Male,2010
Charlie,265,Male,2010
Riley,250,Male,2010
Jacob,237,Male,2010
Ryan,224,Male,2010
Oscar,220,Male,2010
Tyler,214,Male,2010
Harry,211,Male,2010
Daniel,207,Male,2010
Henry,203,Male,2010
Levi,186,Male,2010
Jake,184,Male,2010
Matthew,176,Male,2010
Nicholas,173,Male,2010
Harrison,169,Male,2010
Archie,168,Male,2010
Luke,168,Male,2010
Angus,166,Male,2010
Aiden,159,Male,2010
Jayden,154,Male,2010
Blake,153,Male,2010
Nathan,153,Male,2010
Isaac,151,Male,2010
Jackson,151,Male,2010
Mitchell,150,Male,2010
Logan,147,Male,2010
Patrick,147,Male,2010
Sebastian,147,Male,2010
Jordan,145,Male,2010
Luca,140,Male,2010
Michael,137,Male,2010
Mason,134,Male,2010
Hamish,132,Male,2010
Adam,131,Male,2010
Connor,127,Male,2010
Dylan,127,Male,2010
Zachary,126,Male,2010
Zac,125,Male,2010
Archer,124,Male,2010
Ryder,122,Male,2010
Seth,115,Male,2010
Darcy,114,Male,2010
Elijah,112,Male,2010
Christian,110,Male,2010
Finn,109,Male,2010
Nate,109,Male,2010
Hunter,108,Male,2010
Marcus,108,Male,2010
Leo,107,Male,2010
Bailey,104,Male,2010
Jasper,104,Male,2010
Aaron,103,Male,2010
Edward,102,Male,2010
Alex,99,Male,2010
Charles,94,Male,2010
Jesse,92,Male,2010
Jett,92,Male,2010
Joseph,91,Male,2010
Hudson,90,Male,2010
Caleb,89,Male,2010
Aidan,86,Male,2010
Declan,85,Male,2010
Sam,85,Male,2010
Joel,84,Male,2010
Eli,83,Male,2010
Tyson,83,Male,2010
Lincoln,82,Male,2010
Chase,80,Male,2010
Kai,80,Male,2010
Toby,80,Male,2010
Anthony,79,Male,2010
Hayden,79,Male,2010
Owen,79,Male,2010
George,78,Male,2010
Flynn,77,Male,2010
Gabriel,77,Male,2010
Hugo,77,Male,2010
Jonathan,77,Male,2010
Andrew,76,Male,2010
Callum,75,Male,2010
Jai,74,Male,2010
John,74,Male,2010
Cameron,72,Male,2010
Ashton,70,Male,2010
Ruby,438,Female,2010
Charlotte,433,Female,2010
Mia,423,Female,2010
Olivia,405,Female,2010
Chloe,373,Female,2010
Lily,367,Female,2010
Ava,350,Female,2010
Isabella,348,Female,2010
Ella,343,Female,2010
Emily,323,Female,2010
Sophie,304,Female,2010
Sienna,298,Female,2010
Amelia,274,Female,2010
Grace,268,Female,2010
Zoe,263,Female,2010
Matilda,230,Female,2010
Lucy,193,Female,2010
Jessica,189,Female,2010
Hannah,188,Female,2010
Emma,186,Female,2010
Jasmine,178,Female,2010
Scarlett,156,Female,2010
Zara,153,Female,2010
Isabelle,150,Female,2010
Eva,148,Female,2010
Holly,140,Female,2010
Georgia,137,Female,2010
Sarah,137,Female,2010
Evie,134,Female,2010
Abigail,133,Female,2010
Isla,126,Female,2010
Maya,125,Female,2010
Madison,122,Female,2010
Chelsea,118,Female,2010
Alice,114,Female,2010
Maddison,111,Female,2010
Alyssa,106,Female,2010
Sophia,105,Female,2010
Alexis,102,Female,2010
Phoebe,101,Female,2010
Hayley,100,Female,2010
Tahlia,100,Female,2010
Ivy,98,Female,2010
Molly,97,Female,2010
Stella,97,Female,2010
Summer,97,Female,2010
Elizabeth,95,Female,2010
Layla,93,Female,2010
Willow,93,Female,2010
Isabel,91,Female,2010
Milla,91,Female,2010
Amy,88,Female,2010
Eliza,86,Female,2010
Imogen,82,Female,2010
Bella,81,Female,2010
Mikayla,81,Female,2010
Audrey,80,Female,2010
Lilly,80,Female,2010
Amber,79,Female,2010
Poppy,79,Female,2010
Annabelle,77,Female,2010
Heidi,76,Female,2010
Abbey,74,Female,2010
Alexandra,74,Female,2010
Jade,74,Female,2010
Kayla,74,Female,2010
Samantha,74,Female,2010
Stephanie,73,Female,2010
Violet,73,Female,2010
Harper,72,Female,2010
Addison,70,Female,2010
Charli,70,Female,2010
Madeleine,70,Female,2010
Eve,68,Female,2010
Lola,67,Female,2010
Caitlin,66,Female,2010
Claire,66,Female,2010
Ellie,66,Female,2010
Lara,65,Female,2010
Paige,65,Female,2010
Amelie,63,Female,2010
Gemma,63,Female,2010
Madeline,62,Female,2010
Rose,62,Female,2010
Abby,61,Female,2010
Eden,59,Female,2010
Mackenzie,59,Female,2010
Keira,58,Female,2010
Eloise,57,Female,2010
Alana,56,Female,2010
Anna,56,Female,2010
Asha,56,Female,2010
Makayla,55,Female,2010
Victoria,55,Female,2010
Olive,54,Female,2010
Piper,54,Female,2010
Sofia,54,Female,2010
Alicia,53,Female,2010
Indiana,53,Female,2010
Alannah,51,Female,2010
William,551,Male,2009
Jack,534,Male,2009
Oliver,453,Male,2009
Joshua,443,Male,2009
Thomas,442,Male,2009
Lachlan,418,Male,2009
James,382,Male,2009
Ethan,362,Male,2009
Noah,358,Male,2009
Lucas,337,Male,2009
Benjamin,332,Male,2009
Cooper,328,Male,2009
Riley,328,Male,2009
Charlie,323,Male,2009
Samuel,306,Male,2009
Alexander,303,Male,2009
Max,285,Male,2009
Liam,266,Male,2009
Xavier,254,Male,2009
Daniel,246,Male,2009
Oscar,234,Male,2009
Ryan,230,Male,2009
Matthew,205,Male,2009
Tyler,205,Male,2009
Jacob,202,Male,2009
Angus,201,Male,2009
Archie,197,Male,2009
Mitchell,196,Male,2009
Harrison,194,Male,2009
Jake,188,Male,2009
Harry,186,Male,2009
Isaac,185,Male,2009
Blake,184,Male,2009
Luke,182,Male,2009
Nicholas,181,Male,2009
Jackson,174,Male,2009
Jordan,173,Male,2009
Jayden,165,Male,2009
Dylan,160,Male,2009
Nathan,153,Male,2009
Hamish,147,Male,2009
Henry,146,Male,2009
Luca,146,Male,2009
Christian,142,Male,2009
Michael,138,Male,2009
Bailey,137,Male,2009
Levi,132,Male,2009
Logan,131,Male,2009
Patrick,131,Male,2009
Aiden,129,Male,2009
Mason,121,Male,2009
Connor,119,Male,2009
Adam,118,Male,2009
Aidan,117,Male,2009
Ryder,114,Male,2009
Sebastian,112,Male,2009
Hayden,111,Male,2009
Zachary,111,Male,2009
Hunter,109,Male,2009
Gabriel,108,Male,2009
Jesse,107,Male,2009
Zac,103,Male,2009
Jett,102,Male,2009
Joseph,100,Male,2009
Darcy,99,Male,2009
Seth,98,Male,2009
Archer,97,Male,2009
Declan,97,Male,2009
Edward,96,Male,2009
Lincoln,95,Male,2009
Alex,94,Male,2009
Caleb,94,Male,2009
Callum,93,Male,2009
Harvey,93,Male,2009
Tyson,91,Male,2009
Finn,90,Male,2009
Sam,90,Male,2009
George,89,Male,2009
Joel,89,Male,2009
Jasper,88,Male,2009
Christopher,87,Male,2009
Andrew,85,Male,2009
Marcus,85,Male,2009
Elijah,83,Male,2009
Brodie,81,Male,2009
Aaron,80,Male,2009
Eli,79,Male,2009
Jonathan,79,Male,2009
Flynn,78,Male,2009
Hudson,78,Male,2009
Jai,78,Male,2009
Anthony,75,Male,2009
Owen,74,Male,2009
Cameron,73,Male,2009
Toby,73,Male,2009
Leo,72,Male,2009
Nate,72,Male,2009
Ashton,70,Male,2009
Charles,70,Male,2009
David,70,Male,2009
Olivia,432,Female,2009
Mia,418,Female,2009
Chloe,403,Female,2009
Ruby,398,Female,2009
Isabella,395,Female,2009
Charlotte,377,Female,2009
Ella,366,Female,2009
Emily,353,Female,2009
Lily,351,Female,2009
Ava,350,Female,2009
Sienna,344,Female,2009
Grace,323,Female,2009
Amelia,321,Female,2009
Sophie,320,Female,2009
Matilda,293,Female,2009
Zoe,248,Female,2009
Emma,231,Female,2009
Hannah,213,Female,2009
Lucy,199,Female,2009
Jessica,189,Female,2009
Jasmine,179,Female,2009
Isabelle,171,Female,2009
Georgia,168,Female,2009
Sarah,168,Female,2009
Madison,149,Female,2009
Zara,149,Female,2009
Maddison,142,Female,2009
Scarlett,138,Female,2009
Chelsea,130,Female,2009
Isla,130,Female,2009
Tahlia,127,Female,2009
Holly,126,Female,2009
Abigail,124,Female,2009
Summer,119,Female,2009
Alyssa,115,Female,2009
Hayley,112,Female,2009
Maya,112,Female,2009
Alexandra,101,Female,2009
Eliza,100,Female,2009
Molly,100,Female,2009
Sophia,99,Female,2009
Mikayla,98,Female,2009
Imogen,96,Female,2009
Alice,95,Female,2009
Lara,95,Female,2009
Amber,93,Female,2009
Milla,93,Female,2009
Evie,92,Female,2009
Elizabeth,91,Female,2009
Layla,91,Female,2009
Annabelle,90,Female,2009
Kayla,90,Female,2009
Amy,89,Female,2009
Charli,89,Female,2009
Eva,89,Female,2009
Claire,86,Female,2009
Jade,86,Female,2009
Isabel,85,Female,2009
Lilly,85,Female,2009
Poppy,85,Female,2009
Stephanie,85,Female,2009
Madeleine,84,Female,2009
Willow,84,Female,2009
Phoebe,83,Female,2009
Lola,82,Female,2009
Alexis,81,Female,2009
Stella,79,Female,2009
Amelie,76,Female,2009
Audrey,76,Female,2009
Paige,76,Female,2009
Caitlin,75,Female,2009
Gemma,75,Female,2009
Bella,72,Female,2009
Abbey,71,Female,2009
Madeline,68,Female,2009
Tayla,68,Female,2009
Keira,67,Female,2009
Makayla,64,Female,2009
Abby,63,Female,2009
Claudia,63,Female,2009
Mackenzie,62,Female,2009
Angelina,61,Female,2009
Talia,61,Female,2009
Addison,60,Female,2009
Ebony,60,Female,2009
Anna,58,Female,2009
Heidi,58,Female,2009
Rose,58,Female,2009
Ashley,56,Female,2009
Leah,56,Female,2009
Rachel,56,Female,2009
Samantha,56,Female,2009
Ivy,55,Female,2009
Natasha,55,Female,2009
Kiara,54,Female,2009
Victoria,54,Female,2009
Eden,53,Female,2009
Eloise,53,Female,2009
Bianca,52,Female,2009
Indiana,52,Female,2009
William,574,Male,2008
Jack,544,Male,2008
Thomas,522,Male,2008
Joshua,475,Male,2008
James,466,Male,2008
Lachlan,440,Male,2008
Oliver,432,Male,2008
Riley,378,Male,2008
Cooper,366,Male,2008
Noah,358,Male,2008
Ethan,343,Male,2008
Benjamin,335,Male,2008
Lucas,329,Male,2008
Samuel,323,Male,2008
Daniel,314,Male,2008
Max,310,Male,2008
Charlie,301,Male,2008
Alexander,289,Male,2008
Liam,282,Male,2008
Ryan,277,Male,2008
Matthew,272,Male,2008
Xavier,233,Male,2008
Angus,226,Male,2008
Jacob,226,Male,2008
Luke,222,Male,2008
Tyler,211,Male,2008
Harrison,210,Male,2008
Oscar,208,Male,2008
Nicholas,204,Male,2008
Jake,198,Male,2008
Mitchell,197,Male,2008
Harry,196,Male,2008
Jordan,192,Male,2008
Nathan,182,Male,2008
Blake,177,Male,2008
Michael,174,Male,2008
Bailey,171,Male,2008
Archie,161,Male,2008
Dylan,160,Male,2008
Hamish,160,Male,2008
Jackson,158,Male,2008
Isaac,155,Male,2008
Hayden,149,Male,2008
Jayden,147,Male,2008
Patrick,147,Male,2008
Henry,144,Male,2008
Logan,139,Male,2008
Christian,133,Male,2008
Sebastian,131,Male,2008
Luca,130,Male,2008
Zachary,129,Male,2008
Connor,125,Male,2008
Darcy,124,Male,2008
Adam,122,Male,2008
Jesse,122,Male,2008
Joseph,119,Male,2008
Alex,117,Male,2008
Brodie,117,Male,2008
Hunter,117,Male,2008
Archer,115,Male,2008
Marcus,114,Male,2008
Caleb,113,Male,2008
Aidan,112,Male,2008
Mason,111,Male,2008
Charles,110,Male,2008
Seth,107,Male,2008
Cody,106,Male,2008
Finn,105,Male,2008
Joel,105,Male,2008
Aiden,103,Male,2008
Sam,102,Male,2008
Andrew,100,Male,2008
Edward,98,Male,2008
Levi,97,Male,2008
Anthony,95,Male,2008
Christopher,95,Male,2008
George,94,Male,2008
Cameron,93,Male,2008
Toby,93,Male,2008
Ryder,92,Male,2008
Will,92,Male,2008
Zac,92,Male,2008
Aaron,91,Male,2008
Declan,91,Male,2008
Callum,90,Male,2008
Jett,90,Male,2008
Ashton,87,Male,2008
Flynn,87,Male,2008
Gabriel,84,Male,2008
Jai,84,Male,2008
David,83,Male,2008
Leo,83,Male,2008
Lincoln,82,Male,2008
Kai,81,Male,2008
Elijah,78,Male,2008
Jasper,78,Male,2008
Julian,77,Male,2008
Owen,77,Male,2008
Spencer,77,Male,2008
Harvey,76,Male,2008
Mia,489,Female,2008
Olivia,451,Female,2008
Chloe,448,Female,2008
Isabella,422,Female,2008
Charlotte,414,Female,2008
Ava,371,Female,2008
Sienna,366,Female,2008
Emily,352,Female,2008
Ella,348,Female,2008
Sophie,328,Female,2008
Ruby,319,Female,2008
Lily,315,Female,2008
Matilda,294,Female,2008
Grace,288,Female,2008
Amelia,264,Female,2008
Hannah,255,Female,2008
Zoe,255,Female,2008
Jessica,249,Female,2008
Emma,233,Female,2008
Lucy,208,Female,2008
Georgia,204,Female,2008
Sarah,193,Female,2008
Jasmine,184,Female,2008
Isabelle,171,Female,2008
Madison,159,Female,2008
Zara,159,Female,2008
Holly,153,Female,2008
Maddison,147,Female,2008
Chelsea,124,Female,2008
Hayley,123,Female,2008
Imogen,122,Female,2008
Molly,122,Female,2008
Abigail,120,Female,2008
Abbey,119,Female,2008
Alexandra,114,Female,2008
Tahlia,113,Female,2008
Scarlett,111,Female,2008
Eva,110,Female,2008
Stephanie,108,Female,2008
Stella,103,Female,2008
Alice,102,Female,2008
Amy,101,Female,2008
Caitlin,100,Female,2008
Elizabeth,99,Female,2008
Maya,97,Female,2008
Paige,94,Female,2008
Claire,91,Female,2008
Lilly,91,Female,2008
Mikayla,89,Female,2008
Alyssa,88,Female,2008
Samantha,88,Female,2008
Sophia,88,Female,2008
Jade,87,Female,2008
Lara,87,Female,2008
Amber,86,Female,2008
Charli,86,Female,2008
Eliza,86,Female,2008
Natalie,85,Female,2008
Phoebe,85,Female,2008
Annabelle,84,Female,2008
Madeleine,83,Female,2008
Summer,83,Female,2008
Gemma,81,Female,2008
Isla,81,Female,2008
Kayla,81,Female,2008
Isabel,79,Female,2008
Tayla,79,Female,2008
Eve,78,Female,2008
Keira,76,Female,2008
Alexis,74,Female,2008
Kiara,74,Female,2008
Madeline,72,Female,2008
Evie,71,Female,2008
Layla,71,Female,2008
Leah,70,Female,2008
Mackenzie,70,Female,2008
Amelie,67,Female,2008
Alicia,66,Female,2008
Alannah,65,Female,2008
Milla,65,Female,2008
Anna,64,Female,2008
Claudia,64,Female,2008
Audrey,63,Female,2008
Sofia,63,Female,2008
Victoria,63,Female,2008
Ashley,62,Female,2008
Lauren,62,Female,2008
Gabriella,61,Female,2008
Kate,61,Female,2008
Laura,61,Female,2008
Lola,61,Female,2008
Bella,60,Female,2008
Ebony,60,Female,2008
Poppy,60,Female,2008
Angelina,59,Female,2008
Bianca,59,Female,2008
Abby,58,Female,2008
Ellie,57,Female,2008
Indiana,57,Female,2008
Eden,56,Female,2008
