Given Name,Number,Position
OLIVER,190,1
JACK,129,2
WILLIAM,117,3
JAMES,100,4
MASON,100,4
HENRY,96,6
NOAH,96,6
LUCAS,93,8
ETHAN,89,9
LIAM,82,10
MAX,82,10
HARRISON,79,12
OSCAR,78,13
ARCHER,77,14
HUDSON,77,14
CHARLIE,74,16
HUNTER,73,17
LACHLAN,73,17
THOMAS,73,17
LOGAN,71,20
HARRY,70,21
ALEXANDER,64,22
SAMUEL,63,23
LEO,62,24
LEVI,59,25
RILEY,58,26
HAMISH,57,27
SEBASTIAN,54,28
ELI,53,29
ELIJAH,53,29
XAVIER,53,29
ARLO,51,32
JACOB,51,32
PATRICK,50,34
ANGUS,48,35
COOPER,48,35
ISAAC,48,35
JACKSON,48,35
HARVEY,47,39
BLAKE,46,40
JORDAN,46,40
CONNOR,45,42
LINCOLN,45,42
GEORGE,44,44
JAYDEN,44,44
JOSHUA,44,44
AIDEN,43,47
ARCHIE,43,47
FINN,43,47
TYLER,43,47
BENJAMIN,41,51
JAXON,41,51
LOUIS,41,51
AUSTIN,40,54
EDWARD,40,54
DANIEL,38,56
NATE,38,56
CHASE,37,58
LUCA,37,58
RYAN,37,58
ASHTON,35,61
HUGO,35,61
KAI,33,63
RYDER,32,64
PARKER,31,65
CALEB,30,66
LUKE,30,66
MAXWELL,30,66
SPENCER,30,66
THEODORE,30,66
FELIX,29,71
ZACHARY,29,71
DYLAN,28,73
FLYNN,28,73
ADAM,26,75
MATTHEW,25,76
MICHAEL,25,76
RORY,25,76
SETH,25,76
JASPER,24,80
JOSEPH,24,80
ASHER,23,82
NICHOLAS,23,82
CARTER,22,84
JAKE,22,84
LEWIS,22,84
ORLANDO,22,84
TOBY,22,84
ARTHUR,21,89
BODHI,21,89
CAMERON,21,89
DOMINIC,21,89
FLETCHER,21,89
NATHANIEL,21,89
OWEN,21,89
ALEX,20,96
ANTHONY,20,96
CHRISTIAN,20,96
ELLIOT,20,96
HARLEY,20,96
JETT,20,96
LEON,20,96
MITCHELL,20,96
ALFIE,19,104
BRODIE,19,104
MUHAMMAD,19,104
TYSON,19,104
AXEL,18,108
BEAU,18,108
CASEY,18,108
EDDIE,18,108
LEONARDO,18,108
NATHAN,18,108
AARON,17,114
BRAXTON,17,114
CALLUM,17,114
CODY,17,114
DAVID,17,114
EVAN,17,114
OLLIE,17,114
REUBEN,17,114
VINCENT,17,114
ZAC,17,114
ARI,16,124
BAILEY,16,124
DECLAN,16,124
HAYDEN,16,124
ISAIAH,16,124
JUDE,16,124
LENNY,16,124
PHOENIX,16,124
SONNY,16,124
ANDREW,15,133
CRUZ,14,134
DARCY,14,134
SAM,14,134
ALBERT,13,137
CHARLES,13,137
COHEN,13,137
EZRA,13,137
FREDERICK,13,137
GABRIEL,13,137
HUGH,13,137
JASON,13,137
JAXSON,13,137
JOHN,13,137
JONATHAN,13,137
RIVER,13,137
ALI,12,149
BROCK,12,149
CHRISTOPHER,12,149
DEAN,12,149
ELIAS,12,149
ELLIOTT,12,149
JOEL,12,149
KAYDEN,12,149
KOBE,12,149
KYLE,12,149
MARCUS,12,149
RYLAN,12,149
XANDER,12,149
ASTON,11,162
JAX,11,162
JESSE,11,162
TOBIAS,11,162
BENJI,10,166
BENTLEY,10,166
JAI,10,166
JIMMY,10,166
LOUIE,10,166
LUKA,10,166
MILES,10,166
NIXON,10,166
OTIS,10,166
BILLY,9,175
BRYCE,9,175
DUSTIN,9,175
ERIC,9,175
JAMIE,9,175
JAY,9,175
JED,9,175
JUDD,9,175
KADEN,9,175
KAIDEN,9,175
KOBY,9,175
MARCO,9,175
MOHAMMAD,9,175
ODIN,9,175
PETER,9,175
ROMAN,9,175
SAXON,9,175
TATE,9,175
TED,9,175
THEO,9,175
ZANDER,9,175
ZANE,9,175
ZIGGY,9,175
AARAV,8,198
ANTONIO,8,198
BYRON,8,198
DASH,8,198
EMMANUEL,8,198
EMMETT,8,198
HENDRIX,8,198
JEREMY,8,198
LORENZO,8,198
MAHDI,8,198
MALACHI,8,198
MICAH,8,198
PAXTON,8,198
RAPHAEL,8,198
ROBERT,8,198
ROCCO,8,198
TOM,8,198
TRISTAN,8,198
VICTOR,8,198
AIDAN,7,217
ASH,7,217
BOSTON,7,217
DANTE,7,217
DION,7,217
EAMON,7,217
HENLEY,7,217
KABIR,7,217
KADE,7,217
KEVIN,7,217
MADDOX,7,217
MATTEO,7,217
NASH,7,217
NED,7,217
OAKLEY,7,217
RAFAEL,7,217
REMY,7,217
RICKY,7,217
SILAS,7,217
STEVEN,7,217
SULLIVAN,7,217
TAJ,7,217
WESLEY,7,217
WYATT,7,217
ZAVIER,7,217
ABDULLAH,6,242
ABEL,6,242
ADRIAN,6,242
AGAM,6,242
ALESSANDRO,6,242
ANDRE,6,242
AUGUST,6,242
AYAAN,6,242
BRADLEY,6,242
BRODY,6,242
CALVIN,6,242
CONNER,6,242
COREY,6,242
DEACON,6,242
EZEKIEL,6,242
HARLEN,6,242
HARRIS,6,242
JAYCE,6,242
JONAH,6,242
JUSTIN,6,242
KIERAN,6,242
KOA,6,242
LENNOX,6,242
LUKAS,6,242
MALAKAI,6,242
MARLEY,6,242
MORGAN,6,242
MYLES,6,242
RAYMOND,6,242
RHYS,6,242
RYKER,6,242
WALTER,6,242
ADVIK,5,274
AHMED,5,274
ALESSIO,5,274
ALFRED,5,274
AMEER,5,274
AMIR,5,274
ANDY,5,274
ANTON,5,274
ARMAAN,5,274
BANJO,5,274
BRAYDEN,5,274
BRIAN,5,274
CAMPBELL,5,274
CARLOS,5,274
CLANCY,5,274
COEN,5,274
DALLAS,5,274
DEVANSH,5,274
DEXTER,5,274
DOUGLAS,5,274
EMERSON,5,274
ERIK,5,274
FINLEY,5,274
FRANK,5,274
FRANKIE,5,274
GRAYSON,5,274
HUXLEY,5,274
JENSEN,5,274
JEREMIAH,5,274
JETHRO,5,274
JYE,5,274
KALEB,5,274
KIAN,5,274
KINGSLEY,5,274
KOBI,5,274
KRISHNA,5,274
LEONIDAS,5,274
LOCHLAN,5,274
MALIK,5,274
MARSHALL,5,274
PAUL,5,274
RICHARD,5,274
ROBIN,5,274
ROY,5,274
SAGE,5,274
STEFAN,5,274
TIMOTHY,5,274
VIVAAN,5,274
WILL,5,274
WINSTON,5,274
YAHYA,5,274
ABDUL,4,325
ACE,4,325
ALBIE,4,325
ALBY,4,325
ALEC,4,325
ANDREAS,4,325
ANGELO,4,325
ARMIN,4,325
ATTICUS,4,325
AYDEN,4,325
BLAZE,4,325
BOBBY,4,325
BOHDI,4,325
BRAX,4,325
BRYSON,4,325
COBY,4,325
COLE,4,325
CONOR,4,325
CURTIS,4,325
DEEGAN,4,325
DENG,4,325
EMANUEL,4,325
FRANCESCO,4,325
FRANKLIN,4,325
GRIFFIN,4,325
GURFATEH,4,325
HARLAN,4,325
HARPER,4,325
HASSAN,4,325
IAN,4,325
ISHAAN,4,325
JACE,4,325
JARRAH,4,325
JOBE,4,325
JONTY,4,325
KEEGAN,4,325
KENNETH,4,325
KINGSTON,4,325
KNOX,4,325
KYE,4,325
KYLO,4,325
LAWSON,4,325
MAGNUS,4,325
MARTIN,4,325
MATTHIAS,4,325
MAVERICK,4,325
MAXIMUS,4,325
MILLER,4,325
MOHAMMED,4,325
MURPHY,4,325
NATHANAEL,4,325
NICK,4,325
OTTO,4,325
PRESTON,4,325
PRINCE,4,325
REECE,4,325
REGGIE,4,325
REIGN,4,325
ROGER,4,325
RUPERT,4,325
RYLEY,4,325
SAMSON,4,325
SCOTT,4,325
SIDNEY,4,325
TANNER,4,325
TAYLOR,4,325
TAYTE,4,325
VALENTINO,4,325
VAN,4,325
VIRAAJ,4,325
YUVRAJ,4,325
ZION,4,325
AAHIL,3,397
AHYAN,3,397
ALEKSANDER,3,397
ALVIN,3,397
ANDREJ,3,397
ARMAN,3,397
ARNAV,3,397
ARYAN,3,397
AVEER,3,397
AVERY,3,397
AYAN,3,397
AYDIN,3,397
BARRY,3,397
BASTIAN,3,397
BJORN,3,397
BOWEN,3,397
BRUCE,3,397
CADEN,3,397
CEDAR,3,397
CHAYSE,3,397
CHESTER,3,397
CHRISTOS,3,397
COLIN,3,397
CYRUS,3,397
DAMIEN,3,397
DANE,3,397
DANNY,3,397
DIMITRI,3,397
DIMITRIOS,3,397
DRE,3,397
DREW,3,397
EDDY,3,397
EDISON,3,397
ELON,3,397
ENZO,3,397
EWAN,3,397
FERGUS,3,397
FINLAY,3,397
FINNIAN,3,397
FRANCIS,3,397
FYNN,3,397
GILBERT,3,397
GIUSEPPE,3,397
GORDON,3,397
GURTAJ,3,397
GUS,3,397
HAROON,3,397
HEATH,3,397
HECTOR,3,397
HUSSAIN,3,397
IBRAHIM,3,397
ISAAK,3,397
ISMAIL,3,397
ISSAC,3,397
IVAN,3,397
JACHIN,3,397
JADEN,3,397
JAKOB,3,397
JALEN,3,397
JARED,3,397
JARRAD,3,397
JEEVAN,3,397
JHETT,3,397
JOHANNES,3,397
JOHNATHAN,3,397
JOHNATHON,3,397
JOHNNY,3,397
JOSIAH,3,397
KANE,3,397
KAREEM,3,397
KEANU,3,397
KOEN,3,397
KOSTA,3,397
KYAN,3,397
LAUCHLAN,3,397
LAWRENCE,3,397
MAC,3,397
MACH,3,397
MALEK,3,397
MARC,3,397
MARCELLO,3,397
MARKUS,3,397
MARLON,3,397
MASSIMO,3,397
MIKAEL,3,397
MILAN,3,397
MOSES,3,397
NABIL,3,397
NEIL,3,397
NIKO,3,397
NIKOLAI,3,397
NIMA,3,397
OLLY,3,397
OMAR,3,397
PADDY,3,397
PAOLO,3,397
PERCY,3,397
PEYTON,3,397
PHILLIP,3,397
RAIDEN,3,397
RALPH,3,397
RAYAN,3,397
RAYNE,3,397
REGINALD,3,397
REID,3,397
REX,3,397
ROBBIE,3,397
RONAN,3,397
ROWAN,3,397
RUBEN,3,397
RYLEE,3,397
SAMIR,3,397
SANTIAGO,3,397
SANTINO,3,397
SID,3,397
SOHAIL,3,397
TALON,3,397
TRAVIS,3,397
TREY,3,397
VASILI,3,397
WADE,3,397
WILSON,3,397
WOLFE,3,397
YOUSEF,3,397
ZACH,3,397
ZACK,3,397
ZAIN,3,397
ZAK,3,397
ZAKARIYA,3,397
ZAYN,3,397
ZAYNE,3,397
ZEKE,3,397
ZICHEN,3,397
AAHAAN,2,530
AARUSH,2,530
AARYAN,2,530
ABDULAZIZ,2,530
ABHAY,2,530
ABRAHAM,2,530
ADEN,2,530
ADI,2,530
ADRIANO,2,530
AFFAN,2,530
AHMAD,2,530
AJANG,2,530
AJAY,2,530
AKSHAY,2,530
ALAN,2,530
ALEKSEJ,2,530
ALEXANDROS,2,530
ALIJAH,2,530
ALISTAIR,2,530
ALLAN,2,530
AMAAN,2,530
AMBROSE,2,530
ANDREI,2,530
ANGAD,2,530
ANSH,2,530
ARASH,2,530
ARCHIBALD,2,530
ARHAM,2,530
ARJUN,2,530
ARMANI,2,530
ARTIE,2,530
ASHLEY,2,530
AUGUSTUS,2,530
BASIL,2,530
BASTIEN,2,530
BENEDICT,2,530
BENYAMIN,2,530
BERNARD,2,530
BILAL,2,530
BRENTON,2,530
BRONSON,2,530
BROOKLYN,2,530
BUDDY,2,530
CAELAN,2,530
CAIDEN,2,530
CALLEN,2,530
CARL,2,530
CARSON,2,530
CASH,2,530
CASPER,2,530
CAYDEN,2,530
CEDRIC,2,530
CHARLEY,2,530
CHEN,2,530
CHIRAG,2,530
CLINTON,2,530
COHAN,2,530
COLBY,2,530
COLTON,2,530
CONAN,2,530
DAMIAN,2,530
DANYAL,2,530
DARCEY,2,530
DEKLAN,2,530
DEMPSEY,2,530
DENVER,2,530
DERRICK,2,530
DEVARSH,2,530
DHRUV,2,530
DOMENICO,2,530
DOMINICK,2,530
DONTAE,2,530
DUKE,2,530
DYSON,2,530
EASTON,2,530
EDMUND,2,530
EDWIN,2,530
EESA,2,530
EHAN,2,530
ELLIS,2,530
ELYAS,2,530
EVANGELOS,2,530
EYTHAN,2,530
FABIAN,2,530
FARHAN,2,530
FARID,2,530
FILIP,2,530
FOX,2,530
FREDDIE,2,530
FREDERIC,2,530
GAVIN,2,530
GEOFFREY,2,530
GIANNI,2,530
GIDEON,2,530
GIORGIO,2,530
GIOVANNI,2,530
GREGORY,2,530
GURANSH,2,530
GURSHAAN,2,530
HAIDAR,2,530
HAMILTON,2,530
HANK,2,530
HARLEE,2,530
HARLYN,2,530
HARTLEY,2,530
HASHIR,2,530
HEMI,2,530
HERBERT,2,530
IBAAD,2,530
IBRAHEEM,2,530
ILYA,2,530
IMMANUEL,2,530
ISMAEL,2,530
JAGGER,2,530
JAMESON,2,530
JARROD,2,530
JASE,2,530
JAXXON,2,530
JENSON,2,530
JESSIE,2,530
JOAQUIN,2,530
JOASH,2,530
JOE,2,530
JOHAN,2,530
JOK,2,530
JORDY,2,530
JOVAN,2,530
JULIAN,2,530
JULIUS,2,530
KAISON,2,530
KAMERON,2,530
KARL,2,530
KASEY,2,530
KEITH,2,530
KODY,2,530
KOHEN,2,530
KONRAD,2,530
KOOPAH,2,530
KORBAN,2,530
KRISTIAN,2,530
KUR,2,530
KURTIS,2,530
KY,2,530
KYLAN,2,530
KYRIE,2,530
LACHIE,2,530
LATRELL,2,530
LAURENCE,2,530
LEIGH,2,530
LEONARD,2,530
LEOPOLD,2,530
LEROY,2,530
LINUS,2,530
LOKI,2,530
LUCIUS,2,530
LUIS,2,530
MABIOR,2,530
MACE,2,530
MACK,2,530
MAHIR,2,530
MALAKYE,2,530
MANTAJ,2,530
MARCEL,2,530
MARK,2,530
MARKO,2,530
MATTIA,2,530
MAURICE,2,530
MAYEN,2,530
MEMPHIS,2,530
MIKEL,2,530
MILO,2,530
MILTON,2,530
MOHAMAD,2,530
MONTGOMERY,2,530
MORRIS,2,530
MUHAMMED,2,530
MUJTABA,2,530
MURAD,2,530
MURRAY,2,530
MUSTAFA,2,530
NEER,2,530
NHAT,2,530
NICOLAS,2,530
NIKOLA,2,530
NIKORA,2,530
OMER,2,530
OSKAR,2,530
PABLO,2,530
PANAYIOTIS,2,530
PEARCE,2,530
PERRY,2,530
PHILIP,2,530
PIERCE,2,530
QUINN,2,530
QUINTON,2,530
RAFFERTY,2,530
RAMI,2,530
RAVI,2,530
RAYYAN,2,530
REILLY,2,530
REYANSH,2,530
RHETT,2,530
RHILEY,2,530
RIAN,2,530
RIC,2,530
RISHI,2,530
RIVAAN,2,530
ROLAND,2,530
ROME,2,530
ROMEO,2,530
ROSCOE,2,530
SAHARSH,2,530
SAYED,2,530
SEAN,2,530
SEYYED,2,530
SHAE,2,530
SHAYAN,2,530
SHIVANSH,2,530
SOHEIL,2,530
STANLEY,2,530
STRATOS,2,530
SUHAAN,2,530
SUHAIL,2,530
SULAIMAN,2,530
SUNNY,2,530
SYDNEY,2,530
SYED,2,530
TAHA,2,530
TAIT,2,530
TASMAN,2,530
TAVISH,2,530
TEGBIR,2,530
TEGH,2,530
TEX,2,530
TEXAS,2,530
THADDEUS,2,530
TOMMY,2,530
TONY,2,530
TROY,2,530
TY,2,530
VANN,2,530
VANSH,2,530
VIHAAN,2,530
VIVAN,2,530
WALKER,2,530
WESTON,2,530
WILBUR,2,530
WILFRED,2,530
WILLEM,2,530
WOLFGANG,2,530
YASEEN,2,530
YUSUF,2,530
ZACKARY,2,530
ZAIDEN,2,530
ZAYDEN,2,530
ZAYLEN,2,530
ZHEN,2,530
'OLIONI,1,787
AADAM,1,787
AADVIK,1,787
AAHAN,1,787
AAHIR,1,787
AAIDEN,1,787
AAKARSH,1,787
AAKYA,1,787
AALAM,1,787
AANAV,1,787
AAQIL,1,787
AARAAV,1,787
AARAVV,1,787
AAREN,1,787
AARISH,1,787
AARIZ,1,787
AARNAV,1,787
AARYA,1,787
AAVASH,1,787
AAYAN,1,787
ABDULHAKIM,1,787
ABEMA,1,787
ABHIRAJ,1,787
ABHIRAM,1,787
ABHYUDAY,1,787
ABIJOT,1,787
ABIRAL,1,787
ABOLFAZ,1,787
ABRAM,1,787
ABULFAZEL,1,787
ABYAN,1,787
ACHIEK-LYRIC,1,787
ACHILLES,1,787
ACHUTAN,1,787
ADEEB,1,787
ADEEV,1,787
ADIAN,1,787
ADIKUS,1,787
ADITYA,1,787
ADLAN,1,787
ADOOR,1,787
ADRIEN,1,787
ADRIJAN,1,787
ADYAN,1,787
AEDAN,1,787
AENGUS,1,787
AGAMPREET,1,787
AHAN,1,787
AHEM,1,787
AHMMED,1,787
AHREN,1,787
AHRONJEET,1,787
AITHEN,1,787
AJAK,1,787
AJIT,1,787
AKE,1,787
AKHILAN,1,787
AKHTARLICHT,1,787
AKOL,1,787
AKOON,1,787
AKRAM,1,787
ALAAK,1,787
ALBEY,1,787
ALECK,1,787
ALEEM,1,787
ALEK,1,787
ALEKZANDER,1,787
ALESSO,1,787
ALEXIS,1,787
ALHAKAM,1,787
ALLEN,1,787
ALMOS,1,787
ALOIS,1,787
ALON,1,787
ALONSO,1,787
ALPHA,1,787
ALSTON,1,787
ALUCARD,1,787
ALVARO,1,787
ALY,1,787
ALYASA,1,787
AMAN,1,787
AMANDEEP,1,787
AMAOBI,1,787
AMAR,1,787
AMARA,1,787
AMAY,1,787
AMEL,1,787
AMIN,1,787
AMINI,1,787
AMISH,1,787
AMITTAI,1,787
AMMAR,1,787
AMMIEL,1,787
AMOS,1,787
AMOSBIAKKIM,1,787
AMRINDER,1,787
AMULYA,1,787
AN,1,787
ANAKIN,1,787
ANANDA,1,787
ANANTBIR,1,787
ANANTVEER,1,787
ANAS,1,787
ANASTASE,1,787
ANBO,1,787
ANDERSON,1,787
ANDREA,1,787
ANDRES,1,787
ANDRIAS,1,787
ANGADVEER,1,787
ANH,1,787
ANIRUDH,1,787
ANMOL,1,787
ANRUI,1,787
ANTOHN,1,787
ANTOINE,1,787
ANUSH,1,787
AO,1,787
APOLLO,1,787
APOSTOLOS,1,787
ARAAD,1,787
ARCHIMEDES,1,787
ARDA,1,787
ARES,1,787
ARHAAN,1,787
ARIATH,1,787
ARIEL,1,787
ARIF,1,787
ARIKAI,1,787
ARIKI,1,787
ARIS,1,787
ARISTOTELIS,1,787
ARIUS,1,787
ARKEN,1,787
ARLEN,1,787
ARLIN,1,787
ARMAANDEEP,1,787
ARNOLD,1,787
ARON,1,787
ARROW,1,787
ARSENE,1,787
ARSHIN,1,787
ARSHMEET,1,787
ARSHVIR,1,787
ARTA,1,787
ARTIN,1,787
ARVIN,1,787
ARWYN,1,787
ARYK,1,787
ARYN,1,787
ASGHAR,1,787
ASHA,1,787
ASHDEN,1,787
ASHINGTON,1,787
ASHISH,1,787
ASHTONN,1,787
ASTYN,1,787
ATHAN,1,787
ATHARV,1,787
ATHIT,1,787
ATHIYAN,1,787
ATHUL,1,787
ATISH,1,787
ATREYA,1,787
AUBREY,1,787
AUGUSTE,1,787
AURON,1,787
AVITAJ,1,787
AVNEET,1,787
AVRAHAM,1,787
AVRAJ,1,787
AXELIAN,1,787
AXLE,1,787
AXTON,1,787
AXYL,1,787
AYANSH,1,787
AYBEK,1,787
AYBEL,1,787
AYCE,1,787
AYDAN,1,787
AYUMBI,1,787
AYUSH,1,787
AYYUB,1,787
AZAN,1,787
AZAYAH,1,787
AZIZ,1,787
AZLAN,1,787
AZYAN,1,787
AZYK,1,787
BABIN,1,787
BABY,1,787
BADE,1,787
BADEN,1,787
BAER,1,787
BAHADIR,1,787
BAIN,1,787
BAINE,1,787
BAISONG,1,787
BALDACCI,1,787
BARSAM,1,787
BASSAM,1,787
BASSEL,1,787
BAXTER,1,787
BAYDN,1,787
BAYDON,1,787
BAYLEN,1,787
BAYLOR,1,787
BAYRAM,1,787
BECKETT,1,787
BEKIM,1,787
BELLAMY,1,787
BENNETT,1,787
BENSLEY,1,787
BENSON,1,787
BEREN,1,787
BERKIN,1,787
BERTIE,1,787
BEXLEY,1,787
BEYLEIGH,1,787
BHAGVAT,1,787
BHAVAN,1,787
BHAVJOT,1,787
BIBEK,1,787
BIREN,1,787
BLAISE,1,787
BLAIZE,1,787
BOCHEN,1,787
BODIE,1,787
BOHDEE,1,787
BORIS,1,787
BOSCO,1,787
BOWIE,1,787
BOYD,1,787
BRADY,1,787
BRAEDYN,1,787
BRAIDEN,1,787
BRANDON,1,787
BRANKO,1,787
BRANSON,1,787
BRAXTAN,1,787
BRENDAN,1,787
BRENTLEY,1,787
BRICE,1,787
BRIJESH,1,787
BRIYAN,1,787
BRONX,1,787
BRYCEN,1,787
BUOL,1,787
CADA,1,787
CAHLEB,1,787
CAILEN,1,787
CAINE,1,787
CALI,1,787
CALI-JAY,1,787
CALLINGTON,1,787
CAM,1,787
CAMERON-BRADLEY,1,787
CARLITO,1,787
CARLO,1,787
CASE,1,787
CASHEL,1,787
CASON,1,787
CASPIAN,1,787
CASSIUS,1,787
CASTIEL,1,787
CAYDE,1,787
CECIL,1,787
CEEJAY,1,787
CESARE,1,787
CHACE,1,787
CHAD,1,787
CHANC,1,787
CHANDLER,1,787
CHAVEZ,1,787
CHE,1,787
CHENGSHEN,1,787
CHESNEY,1,787
CHESTON,1,787
CHET,1,787
CHIP,1,787
CHIZITERE,1,787
CHOL,1,787
CHRIS,1,787
CHRYSTIAN,1,787
CHUCK,1,787
CIAN,1,787
CIENGGAN,1,787
CJAY,1,787
CLARK,1,787
CLARKE,1,787
CLARRY,1,787
CLAY,1,787
CLAYTON,1,787
CLEMENT,1,787
CLOUD,1,787
COBAIN,1,787
CODEN,1,787
COLBY-SCOTT,1,787
COLT,1,787
CONAL,1,787
CONRAD,1,787
CONSTANTINE,1,787
CONWAY,1,787
CORANN,1,787
CORBIN,1,787
CORDELL,1,787
COREY-JOE,1,787
CORNELIUS,1,787
COVE,1,787
CRAIG,1,787
CREED,1,787
CRISDEEP,1,787
CRISTIAN,1,787
CRISTIANO,1,787
CROSBIE,1,787
CUNG,1,787
CY,1,787
CYER,1,787
CYLUS,1,787
DAANISH,1,787
DAAWAR,1,787
DACIAN,1,787
DAEMON,1,787
DAEQUARN,1,787
DAH,1,787
DALE,1,787
DALTON,1,787
DAMARIS,1,787
DAMON,1,787
DANEEL,1,787
DANIEL-JUSTIN,1,787
DANIL,1,787
DANIYAL,1,787
DANUJA,1,787
DANUSHA,1,787
DANVIR,1,787
DANY,1,787
DARIN,1,787
DARIUS,1,787
DARNELL,1,787
DASHIELL,1,787
DASTAN,1,787
DASTYN,1,787
DAVI,1,787
DAVIS,1,787
DAWSON,1,787
DAX,1,787
DAXON,1,787
DEGMEN,1,787
DEKAYDEN,1,787
DEKLAN-TONY,1,787
DELAN,1,787
DELJAY-KHYJUAN,1,787
DELYTH,1,787
DENG-ATHIEI,1,787
DENHOLM,1,787
DENNIS,1,787
DENYS,1,787
DENZELL,1,787
DEON,1,787
DEONDRE,1,787
DEQING,1,787
DESMOND,1,787
DEVIN,1,787
DEVON,1,787
DEVONN,1,787
DHARMA,1,787
DHIVYANSH,1,787
DHRISH,1,787
DHVIJ,1,787
DHYAN,1,787
DHYEY,1,787
DIAMANDI,1,787
DIEGO,1,787
DIGBY,1,787
DILAN,1,787
DILIORA,1,787
DILSHER,1,787
DIMITRI-GEORGE,1,787
DINESH,1,787
DIONYSIOS,1,787
DIPSON,1,787
DIVAM,1,787
DIVINE,1,787
DIVJIT,1,787
DIVYAM,1,787
DIYON,1,787
DJORDJE,1,787
DMITRI,1,787
DMITRIY,1,787
DOM,1,787
DOMANIK,1,787
DOMENIC,1,787
DOMONIC,1,787
DONNACHA,1,787
DONNY,1,787
DONOVAN,1,787
DONTAY,1,787
DONTE,1,787
DORIAN,1,787
DOUGAL,1,787
DRAKE,1,787
DRAVEN,1,787
DREARLOH,1,787
DREYDAN,1,787
DRUMMOND,1,787
DUC,1,787
DUDLEY,1,787
DUHEIM,1,787
DUSHANE,1,787
DUY-ANH,1,787
DWAYNE,1,787
EBEN,1,787
EBENEZER,1,787
EDEN,1,787
EDGAR,1,787
EDIN,1,787
EDRIC,1,787
EDRIS,1,787
EDSON,1,787
EDUARDO,1,787
"EDWARD,",1,787
EFRAIL,1,787
EHAAN,1,787
EKATTOR,1,787
EKNOOR,1,787
EKROOP,1,787
ELDEN,1,787
ELDO,1,787
ELDON,1,787
ELEYA,1,787
ELGAN,1,787
ELHAM,1,787
ELIGH,1,787
ELIJAH-BROCK,1,787
ELIJAH-JAMES,1,787
ELIO,1,787
ELISEO,1,787
ELIYA,1,787
ELLI,1,787
ELLINGTON,1,787
ELMAAN,1,787
ELSON,1,787
ELVIN,1,787
ELVIS,1,787
ELWIN,1,787
ELWOOD,1,787
ELWYN,1,787
ELZAD,1,787
EMANUELE,1,787
EMMANUAL,1,787
EMRAN,1,787
ENGUANG,1,787
ENSO,1,787
ERFAN,1,787
ERIS,1,787
ERMIA,1,787
ERNEST,1,787
ERNESTO,1,787
ERYK,1,787
ESKADMAS,1,787
ETIENNE,1,787
EUAN,1,787
EVAAN,1,787
EVANDER,1,787
EVEREST,1,787
EVESON,1,787
EYOB,1,787
FAAIZ,1,787
FABRICE,1,787
FAHAD,1,787
FAIYAZ,1,787
FARHAD,1,787
FARIS,1,787
FATEHVEER,1,787
FATIR,1,787
FAYEZ,1,787
FAYSAL,1,787
FELIPE,1,787
FENIX,1,787
FEREIDOON,1,787
FIDEL,1,787
FINLO,1,787
FINNAN,1,787
FINNEGAN,1,787
FINNLAY,1,787
FINNLEY,1,787
FLETCH,1,787
FOLAD,1,787
FOREST,1,787
FORREST,1,787
FOSS,1,787
FOSTER,1,787
FRAISER,1,787
FRASER,1,787
FRED,1,787
FREDDY,1,787
FREDERIK,1,787
FURQAN,1,787
GABBY,1,787
GABE,1,787
GAGE,1,787
GANEEV,1,787
GARFIELD,1,787
GAURANSH,1,787
GAUTHAM,1,787
GAVI,1,787
GAVRIEL,1,787
GENE,1,787
GEORDIE,1,787
GEORGIO,1,787
GEORGIOS,1,787
GEREMYAH,1,787
GIANLUCA,1,787
GILLAN,1,787
GINO,1,787
GIRIVAR,1,787
GORAN,1,787
GRAHAM,1,787
GRAISON,1,787
GRANT,1,787
GRAYSEN,1,787
GREGG,1,787
GREYSON,1,787
GUANLIN,1,787
GUNTAAS,1,787
GURBAAZ,1,787
GURBAJ,1,787
GURECH,1,787
GURJAS,1,787
GURMAN,1,787
GURNOOR,1,787
GURSHABAD,1,787
GURTAZ,1,787
GURUPDESH,1,787
GURVANSH,1,787
GUUT,1,787
GUY,1,787
HAAFIT,1,787
HAARE,1,787
HAARIS,1,787
HABIB,1,787
HADI,1,787
HADLEE,1,787
HAI,1,787
HAIDEN,1,787
HAIDER,1,787
HAKAR,1,787
HAKIM,1,787
HALIM,1,787
HAMID,1,787
HAMZA,1,787
HAMZAH,1,787
HAN,1,787
HANNIBAL,1,787
HANRUI,1,787
HANS,1,787
HANSEL,1,787
HAOXUAN,1,787
HARDY,1,787
HARITH,1,787
HARJEVAN,1,787
HARJOT,1,787
HARLAND,1,787
HARLO,1,787
HARLON,1,787
HARNIDH,1,787
HAROLD,1,787
HARSHAAN,1,787
HARSIDAK,1,787
HARSIMRAN,1,787
HARVEST,1,787
HARVEY-LEE,1,787
HARVIR,1,787
HASAN,1,787
HASNAIN,1,787
HASSAAN,1,787
HASYA,1,787
HAVEN,1,787
HAWKE,1,787
HAWON,1,787
HAYDER,1,787
HAYOON,1,787
HAZE,1,787
HERNPHAR,1,787
HESTON,1,787
HETH,1,787
HIRDEY,1,787
HIRO,1,787
HIRSA,1,787
HOANG,1,787
HOLDEN,1,787
HOPPER,1,787
HOSEA,1,787
HOWARD,1,787
HOZAN,1,787
HUAN,1,787
HUBERT,1,787
HUEY,1,787
HUGHIE,1,787
HUON,1,787
HURRICANE,1,787
HUSSEIN,1,787
HUSSIEN,1,787
HUU,1,787
HUY,1,787
HYSON,1,787
HYUNBEEN,1,787
IANCU,1,787
IDRIS,1,787
IGNACIO,1,787
IHSAN,1,787
ILARIO,1,787
ILIYA,1,787
ILLYA,1,787
ILYAAS,1,787
ILYAS,1,787
IMANI,1,787
IMRAAJ,1,787
IMRAN,1,787
INNOCENT,1,787
IOANNI,1,787
IOANNIS,1,787
IQRAAB,1,787
IRHAAM,1,787
ISAC,1,787
ISAIJA,1,787
ISAK,1,787
ISHMAEL,1,787
ISHMEET,1,787
IVAAN,1,787
IVOR,1,787
IVRAJ,1,787
IZAAC,1,787
IZAAK,1,787
IZAC,1,787
IZAYA,1,787
IZYAN,1,787
JABARI,1,787
JABER,1,787
JACOBY,1,787
JACQUES,1,787
JACQUIN,1,787
JADE,1,787
JAE,1,787
JAGO,1,787
JAGUAR,1,787
JAHMAL,1,787
JAI-NGAM,1,787
JAIBIR,1,787
JAIDEN,1,787
JAILEN,1,787
JAIME,1,787
JAINEEL,1,787
JAIRELL,1,787
JAISEN,1,787
JAIVIN,1,787
JAIWISH,1,787
JAK,1,787
JAKOV,1,787
JAMAHL,1,787
JAMAINE,1,787
JAMISON,1,787
JANVON,1,787
JAPHETH,1,787
JAPMAN,1,787
JARLATH,1,787
JARLI,1,787
JARMAN,1,787
JARNAIL,1,787
JARRELL,1,787
JARRETT,1,787
JARVEY,1,787
JARVIS,1,787
JASHAN,1,787
JASHANJOT,1,787
JASKIRAT,1,787
JASMEH,1,787
JASMEHRAJ,1,787
JASNOOR,1,787
JAVAN,1,787
JAXSON-ELLIOTT,1,787
JAXTON,1,787
JAXX,1,787
JAYKOBIE,1,787
JAYLOR,1,787
JAYLYNN,1,787
JAYME,1,787
JAYMES,1,787
JAYSON,1,787
JAYVEN,1,787
JEBB,1,787
JEBEDIAH,1,787
JEC,1,787
JEDAH,1,787
JEDIAH,1,787
JEDRIK,1,787
JEFFEN,1,787
JEFFREY,1,787
JEKOB,1,787
JENE,1,787
JENISH,1,787
JEP,1,787
JER'KYDON,1,787
JERICHO,1,787
JERIMIAH,1,787
JERIN,1,787
JEROEN,1,787
JESIAH,1,787
JESS,1,787
JESSEP,1,787
JESSMILAN,1,787
JETHO,1,787
JETRIN,1,787
JEUSH,1,787
JEZREEL,1,787
JEZRIEL,1,787
JHETTI,1,787
JHIROHNE,1,787
JIAAN,1,787
JIADONG,1,787
JIAHE,1,787
JIAHENG,1,787
JIAHUI,1,787
JIARUI,1,787
JIGAR,1,787
JIM,1,787
JING,1,787
JIREH,1,787
JISHAN,1,787
JOACHIM,1,787
JOAQUIM,1,787
JOBA,1,787
JOEB,1,787
JOEY,1,787
JOHNPAUL,1,787
JOHNSON,1,787
JOHVI,1,787
JOJO,1,787
JON,1,787
JONAS,1,787
JONATHON,1,787
JONNY,1,787
JONOTHAN,1,787
JONTI,1,787
JOON,1,787
JORANI-SIRAYBOTH,1,787
JORDIE,1,787
JORDON,1,787
JORGE,1,787
JOSEF,1,787
JOSH,1,787
JOSHUWA,1,787
JOSS,1,787
JOY,1,787
JOZE,1,787
JOZEF,1,787
JUAC,1,787
JUAN,1,787
JUDAH,1,787
JUJHAR,1,787
JUKAH,1,787
JUN,1,787
JUNIOR,1,787
JUWAN,1,787
KACEY,1,787
KADAM,1,787
KAEDON,1,787
KAELAN,1,787
KAELEN,1,787
KAICHUN,1,787
KAIDE,1,787
KAIEN,1,787
KAILEB,1,787
KAIN,1,787
KAIO,1,787
KAISER,1,787
KAIUS,1,787
KAIWEN,1,787
KAIYA,1,787
KALE,1,787
KALLAN,1,787
KALLEN,1,787
KALOB,1,787
KAMIL,1,787
KAMILLO,1,787
KAMRAN,1,787
KANAI,1,787
KANISH,1,787
KANWARPRATAP,1,787
KARAM,1,787
KARAN,1,787
KARANVEER,1,787
KARSON,1,787
KARTER,1,787
KARWIN,1,787
KARYY,1,787
KASH,1,787
KASRA,1,787
KATAYI,1,787
KATHIRAVAN,1,787
KAVEESH,1,787
KAVIN,1,787
KAVISH,1,787
KAYA,1,787
KAYDYN,1,787
KAYNE,1,787
KAYSEN,1,787
KAYSON,1,787
KC,1,787
KEAHI,1,787
KEAN,1,787
KEATON,1,787
KEEMAN,1,787
KEENAN,1,787
KEES,1,787
KELI,1,787
KELLER,1,787
KELLY,1,787
KELVIN,1,787
KEN,1,787
KENNEDY,1,787
KENRICK,1,787
KENTA,1,787
KENTON,1,787
KENULA,1,787
KEONIE,1,787
KERIM,1,787
KERON,1,787
KERRISON,1,787
KEYUSH,1,787
KHADAR,1,787
KHAI,1,787
KHALEN,1,787
KHALID,1,787
KHAMIS,1,787
KHANG,1,787
KHAQAN,1,787
KHODI,1,787
KHOL,1,787
KHRISTOPH-RAE,1,787
KHUSH,1,787
KHYDA,1,787
KHYE,1,787
KHYLO,1,787
KIAAN,1,787
KIDUS,1,787
KIEN,1,787
KINGITA,1,787
KINGSTON-LEO,1,787
KION,1,787
KIRAN,1,787
KIRATVEER,1,787
KIRIN,1,787
KIT,1,787
KITTO,1,787
KOBIE,1,787
KOBIN,1,787
KOBIRAII,1,787
KODI,1,787
KOHAN,1,787
KOHBAN,1,787
KOHL,1,787
KOJI,1,787
KOKO,1,787
KOL,1,787
KOLANG,1,787
KOLE,1,787
KONNA,1,787
KORBIN,1,787
KORI,1,787
KOU,1,787
KOZMA,1,787
KRATOS,1,787
KRIJAL,1,787
KRISH,1,787
KRISHIV,1,787
KRISHIVA,1,787
KRITHIK,1,787
KRUZ,1,787
KUEI,1,787
KUJO,1,787
KUOT,1,787
KURTLY,1,787
KUZMA,1,787
KYDEN,1,787
KYE-SHAI,1,787
KYEN,1,787
KYESON,1,787
KYO,1,787
KYOGA,1,787
KYRAN,1,787
KYREECE,1,787
KYRIACOS,1,787
KYRIAKO,1,787
KYRIAKOS,1,787
KYRIN,1,787
KYSON,1,787
LACH,1,787
LACKLUN,1,787
LAIKEN,1,787
LAIKIN,1,787
LAIKYN,1,787
LAKELAN,1,787
LAKSH,1,787
LAMINE,1,787
LANCE,1,787
LANDEN,1,787
LANDON,1,787
LANE,1,787
LASON,1,787
LASZLO,1,787
LAURANCE,1,787
LE,1,787
LEANDRO,1,787
LEBRON,1,787
LEDGER,1,787
LEEK,1,787
LEGION,1,787
LEIGHJAY,1,787
LEIGHTON,1,787
LEIKOLO,1,787
LEION,1,787
LEKAMWASAM,1,787
LEM,1,787
LENNON,1,787
LENON,1,787
LENYX,1,787
LEONE,1,787
LEYLAN,1,787
LIEM,1,787
LINDEN,1,787
LINDSAY,1,787
LINKEN,1,787
LINO,1,787
LIOR,1,787
LISON,1,787
LITHVIK,1,787
LLEYTON,1,787
LOCHLAN-LEE,1,787
LOCKIE,1,787
LOGHAN,1,787
LOGYN,1,787
LOUKAS,1,787
LUAL,1,787
LUCA-JAMES,1,787
LUCIAN,1,787
LUCIANO,1,787
LUETH,1,787
LUQMAN,1,787
LUTHAIS,1,787
LUTHER,1,787
LUV,1,787
LYNDON,1,787
LYRIC,1,787
MAANI,1,787
MAANIT,1,787
MAARUT,1,787
MADAWALA,1,787
MADDIX,1,787
MADS,1,787
MAHEEM,1,787
MAHER,1,787
MAHMOOD,1,787
MAHMOUD,1,787
MAHRUS,1,787
MAHTABJOT,1,787
MAHYAR,1,787
MAKAI,1,787
MAKAYLIS,1,787
MAKHI,1,787
MAKUEI,1,787
MALACHY,1,787
MALEKAI,1,787
MALEN,1,787
MALIKEN,1,787
MALLEE,1,787
MALLI,1,787
MALOU,1,787
MANDELA,1,787
MANGOK,1,787
MANOLO,1,787
MANRAAJ,1,787
MANRAJ,1,787
MANTAZ,1,787
MANVIR,1,787
MANWANT,1,787
MANWEL,1,787
MARCELO,1,787
MARIO,1,787
MARIOS,1,787
MARKOS,1,787
MARTE-PETAR,1,787
MARVIN,1,787
MASE,1,787
MASEH,1,787
MASHIYAT,1,787
MATEENUDDIN,1,787
MATEO,1,787
MATHEW,1,787
MATISSE,1,787
MATIU,1,787
MATT,1,787
MATTEUS,1,787
MATTHEAS,1,787
MAXEN,1,787
MAXIMILIAN,1,787
MAXIMILLIAN,1,787
MAXTON,1,787
MAYSON,1,787
MAYTON,1,787
MBA,1,787
MC,1,787
MD,1,787
MEER,1,787
MEHTAAB,1,787
MEHTAB,1,787
MEL,1,787
MELEKAI,1,787
MERENNAGE,1,787
MICK,1,787
MICKY,1,787
MIGUEL,1,787
MIHAIL,1,787
MIKHAIL,1,787
MIKIHIRO,1,787
MIKYLE,1,787
MILAD,1,787
MILE,1,787
MINGZU,1,787
MIRON,1,787
MIRZA,1,787
MITANSH,1,787
MITCH,1,787
MITHUM,1,787
MITO,1,787
MO,1,787
MODESIREOLUWA,1,787
MOHID,1,787
MOHSEN,1,787
MONIPONG,1,787
MONTERO,1,787
MORDECAI,1,787
MORLEY,1,787
MORRISON,1,787
MORTENSEN,1,787
MOURYA,1,787
MROAN,1,787
MUAZ,1,787
MUBASHIR,1,787
MUBIN,1,787
MUDABBIR,1,787
MUDIWA,1,787
MUNEEB,1,787
MUNTADHER,1,787
MURARI,1,787
MURTAZA,1,787
MUTALE,1,787
MUWAHID,1,787
MUYISA,1,787
MYTHAM,1,787
NADIM,1,787
NAITE,1,787
NAITIK,1,787
NAKHULAN,1,787
NAKOA,1,787
NAM,1,787
NAMAN,1,787
NANQIU,1,787
NAVARONE,1,787
NAVARRO,1,787
NAVID,1,787
NAVYA,1,787
NAWEED,1,787
NAYAN,1,787
NAYTE,1,787
NEEL,1,787
NEO,1,787
NESHAUN,1,787
NETANA,1,787
NETHIKA,1,787
NHAN,1,787
NICKOLAS,1,787
NICO,1,787
NIDHAN,1,787
NIDHISH,1,787
NIHAL,1,787
NIKESH,1,787
NIKHITH,1,787
NIKIAS,1,787
NIKLAUS,1,787
NIKOLAOS,1,787
NIMITH,1,787
NIMR,1,787
NIRAV,1,787
NISHAAN,1,787
NITPREET,1,787
NNAEMEKA,1,787
NOAM,1,787
NOEL,1,787
NOHAD,1,787
NOLAN,1,787
NOOR,1,787
NORTON,1,787
NOVAK,1,787
NOYAN,1,787
NUHAN,1,787
NULLAH,1,787
NUMAN,1,787
OAKLAN,1,787
OAKLAND,1,787
OBADIAH,1,787
OBED,1,787
ODEN,1,787
ODIE,1,787
OISIN,1,787
OJAS,1,787
OJASH,1,787
OLYVER,1,787
OMARI,1,787
OMID,1,787
ONDRE,1,787
ONYX,1,787
ORION,1,787
ORSON,1,787
ORVILLE,1,787
ORYAN,1,787
OSCAR-DEE,1,787
OSCAR-PHONG,1,787
OTHNIEL,1,787
OVE,1,787
OWAIS,1,787
OXLED,1,787
PAHULDEEP,1,787
PALVITH,1,787
PANHASETH,1,787
PARKYN,1,787
PARTH,1,787
PARV,1,787
PASCOE,1,787
PASQUALE,1,787
PATRICK-LEO,1,787
PAVITARJOT,1,787
PAVJOL,1,787
PAVTEG,1,787
PAXON,1,787
PAXTEN,1,787
PEARSON,1,787
PEDRO,1,787
PENN,1,787
PHOENYX,1,787
PIERS,1,787
PIETRO,1,787
PIRI,1,787
POLLOWAN,1,787
POLLUX,1,787
PRABH,1,787
PRABHMEHAR,1,787
PRANAV,1,787
PRAY,1,787
PRIHAAN,1,787
PURAJITH,1,787
PUTHIREACH,1,787
QASIM,1,787
QI,1,787
QIANYUAN,1,787
QIN,1,787
QIYUAN,1,787
QUADE,1,787
QUANG,1,787
QUINTIN,1,787
RAAHIM,1,787
RACHIT,1,787
RAED,1,787
RAFFAELE,1,787
RAFFASYA,1,787
RAFI,1,787
RAGHAV,1,787
RAHIMI,1,787
RAHMO,1,787
RAIN,1,787
RAJMIT,1,787
RAMJEET,1,787
RAMONE,1,787
RANBIR,1,787
RANDINU,1,787
RANIDU,1,787
RANSH,1,787
RASHED,1,787
RASHIMORIQ,1,787
RASIL,1,787
RATU,1,787
RAY,1,787
RAYDEN,1,787
REED,1,787
REEF,1,787
REEVE,1,787
REGAN,1,787
REHAN,1,787
REIDAR,1,787
REILEY,1,787
REINHARD,1,787
REMI,1,787
REMZO,1,787
RENATO,1,787
RENE,1,787
RENG,1,787
REO,1,787
RESHAAD,1,787
REV,1,787
RHEGAN,1,787
RHONIN,1,787
RHYAN,1,787
RHYCE,1,787
RHYDER,1,787
RHYKER,1,787
RHYLEN,1,787
RHYLEY,1,787
RHYTHM,1,787
RIAAN,1,787
RIAANVIR,1,787
RIANSH,1,787
RIELLY,1,787
RIELYN,1,787
RIKIN,1,787
RILEYN,1,787
"RING,DENG",1,787
RIO,1,787
RISHAV,1,787
RISHAVJOT,1,787
RIVAAH,1,787
RIVERS,1,787
RIVVA,1,787
RIYAD,1,787
RIYAN,1,787
RIYANSH,1,787
RJ,1,787
ROAN,1,787
ROCKDAN,1,787
ROCKY,1,787
ROHAN,1,787
ROHIN,1,787
ROMANO,1,787
RONAL,1,787
RONALDO,1,787
RONAV,1,787
RONNIE,1,787
RONNY,1,787
ROSHIL,1,787
RUAIRIDH,1,787
RUBAEL,1,787
RUBBEN,1,787
RUDI,1,787
RUDOLPH,1,787
RUDRA,1,787
RUFUS,1,787
RUHAAN,1,787
RUIMING,1,787
RUNAN,1,787
RUSSIAN,1,787
RUSTIN,1,787
RUTANSH,1,787
RWEN,1,787
RY-LE,1,787
RYAAN,1,787
RYANVIR,1,787
RYDA,1,787
RYDAH,1,787
RYDEN,1,787
RYE,1,787
SAALIM,1,787
SABAAI,1,787
SABAAT,1,787
SABAL,1,787
SABASTIAN,1,787
SABER-ANGEL,1,787
SABRI,1,787
SACHA,1,787
SACHER,1,787
SACHIN,1,787
SADAKATHULLAH,1,787
SAEED,1,787
SAFIN,1,787
SAFWAAN,1,787
SAHAJ,1,787
SAHAN,1,787
SAHEL,1,787
SAHIB,1,787
SAHIBJOT,1,787
SAI,1,787
SAIF,1,787
SAIFAN,1,787
SAIHISH,1,787
SAJAD,1,787
SALAHUDDIN,1,787
SALEM,1,787
SALVATORE,1,787
SAMAI,1,787
SAMAR,1,787
SAMARBIR,1,787
SAMARPIT,1,787
SAMARTH,1,787
SAMRAT,1,787
SANAY,1,787
SANDRO,1,787
SANG,1,787
SANOOP,1,787
SANTE,1,787
SANUL,1,787
SARANDOS,1,787
SARNIN,1,787
SARVEESHVARDHAN,1,787
SASA,1,787
SASHA,1,787
SATHYA,1,787
SATVIK,1,787
SAVEEN,1,787
SAVI,1,787
SAVION,1,787
SAVYA,1,787
SCENIX,1,787
SCHUYLER,1,787
SEABURT,1,787
SEAMUS,1,787
SEB,1,787
SEDEKE,1,787
SEHAJ,1,787
SEHBAZ,1,787
SELIM,1,787
SENNA,1,787
SENUL,1,787
SERGIO,1,787
SERHAN,1,787
SHAAN,1,787
SHAANVEER,1,787
SHABBIR,1,787
SHAFIQ,1,787
SHAHEER,1,787
SHAHRAM,1,787
SHAHYAR,1,787
SHALOM,1,787
SHAMSUL,1,787
SHANE,1,787
SHANNON,1,787
SHAOEN,1,787
SHARVIL,1,787
SHAUNAK,1,787
SHAURYA,1,787
SHAWN,1,787
SHAZAN,1,787
SHEA,1,787
SHEILK,1,787
SHEM,1,787
SHENHAO,1,787
SHEON,1,787
SHERAZ,1,787
SHIA,1,787
SHILOH,1,787
SHION,1,787
SHIU,1,787
SHIV,1,787
SHIVADITYSINH,1,787
SHIVAM,1,787
SHIVAN,1,787
SHIVEN,1,787
SHIVRAJ,1,787
SHREEYASH,1,787
SHRIYAN,1,787
SHYON,1,787
SIBTAIN,1,787
SIDDHARTH,1,787
SIMBA,1,787
SIMON,1,787
SIMRAT,1,787
SINA,1,787
SINETH,1,787
SIRAJ,1,787
SIYUN,1,787
SKYLAR,1,787
SKYLER,1,787
SLADE,1,787
SLATER,1,787
SNOW,1,787
SOENKE,1,787
SOKUN,1,787
SOL,1,787
SONIC,1,787
SOO,1,787
SORANA,1,787
SOREN,1,787
SORRENTO,1,787
SOTIRIS,1,787
SOUL,1,787
SOUMANYA,1,787
SOURENA,1,787
SOURISH,1,787
SOVANNAR,1,787
SPARSH,1,787
SPENCE,1,787
SPIKE,1,787
SPYRIDONAS-ANDREAS,1,787
SRI,1,787
SRIHAN,1,787
SRIYAN,1,787
STANTON,1,787
STEP,1,787
STEPHEN,1,787
STEVE,1,787
STIRLING,1,787
SUBEG,1,787
SUHAIB,1,787
SUJAL,1,787
SULLAVAN,1,787
SURKHAB,1,787
SUTTINUN,1,787
SVEN,1,787
SYD,1,787
SYLUS,1,787
TADHG,1,787
TAEGH,1,787
TAEM,1,787
TAHMID,1,787
TAIAPO,1,787
TAIDEN,1,787
TAIM,1,787
TAITOKO,1,787
TAJWAR,1,787
TAKEDA,1,787
TAKREEM,1,787
TAKUNDA,1,787
TALEN,1,787
TALLAN,1,787
TALYN,1,787
TALYS,1,787
TAMA-RUA,1,787
TAMEEM,1,787
TAMIHANA,1,787
TAMIM,1,787
TAMIR,1,787
TANGAROA,1,787
TANISH,1,787
TANUSH,1,787
TANVIR,1,787
TANYS,1,787
TARAK,1,787
TARANG,1,787
TARAS,1,787
TARIQ,1,787
TARNAE,1,787
TARUN,1,787
TASHVIK,1,787
TASHVIN,1,787
TATUM,1,787
TAVAE,1,787
TAVITA,1,787
TAYO,1,787
TAYT,1,787
TAYTT,1,787
TEAGUE,1,787
TEDDY,1,787
TEGFATEH,1,787
TEGHPARTAP,1,787
TEGHPREET,1,787
TEJAS,1,787
TEMWEKA,1,787
TENG,1,787
TENZIN,1,787
TEO,1,787
TERRY,1,787
TEVIN,1,787
THANAKRIT,1,787
THANH,1,787
THANUSH,1,787
THAWN,1,787
THEERA,1,787
THEROON,1,787
THEYAS,1,787
TIAM,1,787
TIARNAN,1,787
TIBERIUS,1,787
TIDO,1,787
TIEKI,1,787
TIEN-OSCAR,1,787
TILO,1,787
TIM,1,787
TJ,1,787
TJANDAMURRA,1,787
TOBIE,1,787
TOBIN,1,787
TOMAS,1,787
TOMI,1,787
TOMMI,1,787
TORIN,1,787
TORRY,1,787
TOUMA,1,787
TRACE,1,787
TRAE,1,787
TRAVIE,1,787
TRAYL,1,787
TRENT,1,787
TRI,1,787
TRIJAL,1,787
TRIPP-LEEIGH,1,787
TROKON,1,787
TRONG,1,787
TUAN,1,787
TUCK,1,787
TULLY,1,787
TUNG,1,787
TURAKI,1,787
TYE,1,787
TYLAR,1,787
TYLER-BRAIDYN,1,787
TYLOR,1,787
TYLR,1,787
TYREECE,1,787
TYRESE,1,787
UDAIBIR,1,787
UDAY,1,787
UDAYVIR,1,787
UMAR,1,787
UNNAMED,1,787
UTSAV,1,787
UZZIAH,1,787
VALAN,1,787
VANCE,1,787
VARDAAN,1,787
VARIAM,1,787
VASCO,1,787
VATSAL,1,787
VAUGHN,1,787
VEDANT,1,787
VEER,1,787
VEERAJ,1,787
VIAAN,1,787
VIAN,1,787
VICENT,1,787
VIHAN,1,787
VIKTOR,1,787
VINCENZO,1,787
VINNIE,1,787
VIRAJ,1,787
VIRAT,1,787
VISHAKA,1,787
VISHVA,1,787
VISHWA,1,787
VITTORIO,1,787
VIYAAN,1,787
VLADISLAV,1,787
VRISHANK,1,787
WAAHID,1,787
WAEL,1,787
WAHIDULLAH,1,787
WALEED,1,787
WALLACE,1,787
WALT,1,787
WARABEK,1,787
WARREN,1,787
WAYDE,1,787
WAZIR,1,787
WENHAO,1,787
WILHELM,1,787
WILLIAM-KENDRYK,1,787
WILLIAN,1,787
WILYAM,1,787
WINTER,1,787
WIREMU,1,787
WISSAM,1,787
WOODY,1,787
WREN,1,787
WU-HSU,1,787
XADE,1,787
XAVIAR,1,787
XAVIER-JAY,1,787
XAVIER-JOHN,1,787
XINZE,1,787
XZAVIER,1,787
YANISH,1,787
YANNIKH,1,787
YASHIKA,1,787
YASIN,1,787
YASSER,1,787
YATOSHA,1,787
YAZAN,1,787
YAZN,1,787
YEKAHLO,1,787
YIANNI,1,787
YIBO,1,787
YIJIA,1,787
YIORGOS,1,787
YIRAN,1,787
YOGAN,1,787
YOHANNES,1,787
YONATHAN,1,787
YONIS,1,787
YORK,1,787
YOSHANSRI,1,787
YOUSAF,1,787
YOUSSEF,1,787
YOUZARSIF,1,787
YU,1,787
YUG,1,787
YUGJEET,1,787
YUHONG,1,787
YUKIHISA,1,787
YUMA,1,787
YUN,1,787
YUNBO,1,787
YUNGHAA,1,787
YURIY,1,787
YUSHA,1,787
YUVDHIR,1,787
YUVSHAN,1,787
ZACHARIAH,1,787
ZACHARIUS,1,787
ZACHARIYYA,1,787
ZADEN,1,787
ZAFFA,1,787
ZAHER,1,787
ZAHIAN,1,787
ZAIDE,1,787
ZAILAN,1,787
ZAINAL,1,787
ZAKARIYAH,1,787
ZAKARY,1,787
ZANYAR,1,787
ZARLO,1,787
ZAYD,1,787
ZAYVE,1,787
ZAYVIER,1,787
ZE,1,787
ZEB,1,787
ZEF,1,787
ZEFYR-DAYNE,1,787
ZEIN,1,787
ZEN,1,787
ZENGHONG,1,787
ZENITH,1,787
ZENTA,1,787
ZEON,1,787
ZEPHYR,1,787
ZEPHYRUS,1,787
ZEPLIN,1,787
ZEPPELIN,1,787
ZEUS,1,787
ZEXI,1,787
ZHENHAO,1,787
ZHI,1,787
ZHIJIA,1,787
ZHIXUN,1,787
ZIAD,1,787
ZIAH,1,787
ZIHANG,1,787
ZIRUI,1,787
ZIXUAN,1,787
ZIYU,1,787
ZIYUN,1,787
ZLATAN,1,787
ZOHAIB,1,787
ZOHAIN,1,787
ZOLTAN,1,787
ZONGHAN,1,787
ZORAIZ,1,787
ZORAWAR,1,787
ZUHAIR,1,787
ZURIEL,1,787
,,
TOTAL,,9679
