Given Name,Amount,Position
"JACK","189","1"
"LACHLAN","170","2"
"JOSHUA","146","3"
"THOMAS","138","=4"
"WILLIAM","138","=4"
"JAMES","126","6"
"LIAM","115","7"
"COOPER","111","8"
"RILEY","107","9"
"NOAH","105","10"
"DANIEL","104","11"
"ETHAN","102","=12"
"SAMUEL","102","=12"
"ALEXANDER","98","=14"
"RYAN","98","=14"
"LUKE","96","16"
"BENJAMIN","95","17"
"JACOB","92","18"
"HARRISON","87","19"
"LUCAS","80","20"
"CONNOR","78","21"
"NICHOLAS","76","22"
"TYLER","74","23"
"OLIVER","73","24"
"BAILEY","71","=25"
"JACKSON","71","=25"
"BRODIE","70","27"
"DYLAN","68","=28"
"JAKE","68","=28"
"MATTHEW","68","=28"
"BLAKE","67","=31"
"JAYDEN","67","=31"
"MAX","67","=31"
"CAMERON","66","=34"
"CHARLIE","66","=34"
"MITCHELL","65","36"
"JORDAN","64","37"
"ISAAC","63","38"
"CALEB","62","39"
"ANGUS","61","40"
"MICHAEL","59","41"
"TYSON","58","42"
"HARRY","56","43"
"OSCAR","55","=44"
"SETH","55","=44"
"NATHAN","51","46"
"ZACHARY","50","47"
"HENRY","48","48"
"CODY","42","49"
"HAYDEN","41","50"
"ALEX","40","51"
"JOSEPH","37","=52"
"SEBASTIAN","37","=52"
"AIDEN","36","=54"
"JESSE","36","=54"
"OWEN","35","56"
"CALLUM","34","=57"
"CHRISTIAN","34","=57"
"LOGAN","33","59"
"ADAM","31","=60"
"BRANDON","31","=60"
"LEVI","31","=60"
"AIDAN","30","63"
"ANTHONY","29","=64"
"BRAYDEN","29","=64"
"TOBY","29","=64"
"DECLAN","28","=67"
"JAMIE","28","=67"
"JETT","28","=67"
"KAI","28","=67"
"JAXON","26","=71"
"JOEL","26","=71"
"JONATHAN","26","=71"
"PATRICK","26","=71"
"ASHTON","25","=75"
"BROCK","25","=75"
"ELIJAH","25","=75"
"KANE","25","=75"
"BRADLEY","24","=79"
"HAMISH","24","=79"
"HUDSON","24","=79"
"XAVIER","24","=79"
"AARON","23","=83"
"FINN","23","=83"
"AUSTIN","22","=85"
"DARCY","22","=85"
"GEORGE","22","=85"
"HUNTER","22","=85"
"JOHN","22","=85"
"SAM","22","=85"
"EDWARD","21","=91"
"JAY","21","=91"
"ZANE","21","=91"
"CHRISTOPHER","20","=94"
"DAVID","20","=94"
"FLYNN","20","=94"
"JASON","20","=94"
"ARCHIE","19","=98"
"KYLE","19","=98"
"MASON","19","=98"
"PETER","19","=98"
"ANDREW","18","=102"
"BRODY","18","=102"
"COREY","18","=102"
"JAI","18","=102"
"SEAN","18","=102"
"TAJ","18","=102"
"COHEN","17","=108"
"HUGO","17","=108"
"RHYS","17","=108"
"ROBERT","17","=108"
"LUCA","16","=112"
"MARCUS","16","=112"
"ZAC","16","=112"
"ZAK","16","=112"
"LEWIS","15","116"
"ASHLEY","14","=117"
"JAKOB","14","=117"
"JED","14","=117"
"KYE","14","=117"
"MAXWELL","14","=117"
"NATHANIEL","14","=117"
"HUGH","13","=123"
"KALEB","13","=123"
"WILL","13","=123"
"CHARLES","12","=126"
"EVAN","12","=126"
"FELIX","12","=126"
"JYE","12","=126"
"LEO","12","=126"
"TIMOTHY","12","=126"
"VINCENT","12","=126"
"ARCHER","11","=133"
"BEAU","11","=133"
"HARLEY","11","=133"
"LOCHLAN","11","=133"
"RYDER","11","=133"
"TRISTAN","11","=133"
"BEN","10","=139"
"BRYCE","10","=139"
"ISAIAH","10","=139"
"JASPER","10","=139"
"JONAH","10","=139"
"JUDE","10","=139"
"JUSTIN","10","=139"
"LINCOLN","10","=139"
"PHOENIX","10","=139"
"RORY","10","=139"
"RYLAN","10","=139"
"SCOTT","10","=139"
"STEFAN","10","=139"
"TOM","10","=139"
"ZACK","10","=139"
"ANDY","9","=154"
"DOMINIC","9","=154"
"ELI","9","=154"
"GABRIEL","9","=154"
"KALAN","9","=154"
"KOBE","9","=154"
"KY","9","=154"
"MARLEY","9","=154"
"NATE","9","=154"
"NED","9","=154"
"SHANE","9","=154"
"SHAUN","9","=154"
"WYATT","9","=154"
"ANTON","8","=167"
"ANTONIO","8","=167"
"AXEL","8","=167"
"AYDEN","8","=167"
"BILLY","8","=167"
"BRADY","8","=167"
"CAMPBELL","8","=167"
"DAMON","8","=167"
"DOMENIC","8","=167"
"ELLIOT","8","=167"
"FRASER","8","=167"
"JARED","8","=167"
"JEREMY","8","=167"
"KADE","8","=167"
"KOBY","8","=167"
"KYAN","8","=167"
"LOUIS","8","=167"
"LUKA","8","=167"
"MARK","8","=167"
"MARSHALL","8","=167"
"MASSIMO","8","=167"
"NICOLAS","8","=167"
"NIKOLAS","8","=167"
"OSKAR","8","=167"
"PAUL","8","=167"
"SAXON","8","=167"
"STEVEN","8","=167"
"TATE","8","=167"
"TRAVIS","8","=167"
"XANDER","8","=167"
"ALESSIO","7","=197"
"ARTHUR","7","=197"
"ASHER","7","=197"
"BAYLEY","7","=197"
"DEACON","7","=197"
"DEAN","7","=197"
"DREW","7","=197"
"ELIAS","7","=197"
"HEATH","7","=197"
"JULIAN","7","=197"
"KAIDEN","7","=197"
"KOBI","7","=197"
"LUKAS","7","=197"
"REUBEN","7","=197"
"SHANNON","7","=197"
"ADRIAN","6","=212"
"ALESSANDRO","6","=212"
"ANDREAS","6","=212"
"CARTER","6","=212"
"CHRISTOS","6","=212"
"DAMIAN","6","=212"
"DAMIEN","6","=212"
"DANTE","6","=212"
"DION","6","=212"
"FLETCHER","6","=212"
"HARVEY","6","=212"
"JAXSON","6","=212"
"JOSH","6","=212"
"JOSIAH","6","=212"
"KADEN","6","=212"
"KIERAN","6","=212"
"MILES","6","=212"
"ORLANDO","6","=212"
"RONAN","6","=212"
"RYLEY","6","=212"
"THEODORE","6","=212"
"TRAE","6","=212"
"TRENT","6","=212"
"TREY","6","=212"
"ZACHARIAH","6","=212"
"ALI","5","=237"
"AMOS","5","=237"
"CALVIN","5","=237"
"CHAD","5","=237"
"CHASE","5","=237"
"CLAYTON","5","=237"
"COBY","5","=237"
"DEKLAN","5","=237"
"ELLIOTT","5","=237"
"ERIC","5","=237"
"FRANK","5","=237"
"JARRED","5","=237"
"JARROD","5","=237"
"JOHNNY","5","=237"
"KALLAN","5","=237"
"KRISTIAN","5","=237"
"MACKENZIE","5","=237"
"MALAKAI","5","=237"
"MARCO","5","=237"
"MATHEW","5","=237"
"NICKOLAS","5","=237"
"PARKER","5","=237"
"REECE","5","=237"
"RYLEE","5","=237"
"TOBIAS","5","=237"
"TROY","5","=237"
"TYRONE","5","=237"
"ZACH","5","=237"
"ZANDER","5","=237"
"ADDISON","4","=266"
"ALAN","4","=266"
"ALASTAIR","4","=266"
"ANDRE","4","=266"
"ASTON","4","=266"
"BLADE","4","=266"
"BODHI","4","=266"
"BRADEN","4","=266"
"BRANDAN","4","=266"
"BRIAN","4","=266"
"BROOKLYN","4","=266"
"BYRON","4","=266"
"CRUZ","4","=266"
"DAN","4","=266"
"DANNY","4","=266"
"DARIUS","4","=266"
"DEEGAN","4","=266"
"DOMINIK","4","=266"
"EMERSON","4","=266"
"EMMANUEL","4","=266"
"EMMETT","4","=266"
"EZEKIEL","4","=266"
"EZRA","4","=266"
"FABIAN","4","=266"
"FREDERICK","4","=266"
"HAYDN","4","=266"
"ISAAK","4","=266"
"IZAAK","4","=266"
"JAIDEN","4","=266"
"JAIDYN","4","=266"
"JAMESON","4","=266"
"JEREMIAH","4","=266"
"JET","4","=266"
"JIMMY","4","=266"
"KAYNE","4","=266"
"KEVIN","4","=266"
"KOEN","4","=266"
"KOSTYA","4","=266"
"LAUCHLAN","4","=266"
"LAURENCE","4","=266"
"LAWRENCE","4","=266"
"LEON","4","=266"
"LUCCA","4","=266"
"MAXIMILIAN","4","=266"
"MICAH","4","=266"
"MYLES","4","=266"
"PRESTON","4","=266"
"REILLY","4","=266"
"ROCCO","4","=266"
"ROHAN","4","=266"
"ROWAN","4","=266"
"RYLEN","4","=266"
"SABASTIAN","4","=266"
"SIDNEY","4","=266"
"SIMON","4","=266"
"TALAN","4","=266"
"TANNER","4","=266"
"TARIK","4","=266"
"TOMMY","4","=266"
"TORIN","4","=266"
"TY","4","=266"
"WESLEY","4","=266"
"ADEM","3","=328"
"ALBERT","3","=328"
"ALEC","3","=328"
"ALEKSANDER","3","=328"
"ALLAN","3","=328"
"ANGELO","3","=328"
"ANTONY","3","=328"
"ARI","3","=328"
"BAXTER","3","=328"
"BRAE","3","=328"
"BRAYDON","3","=328"
"CADEN","3","=328"
"CARLOS","3","=328"
"CASEY","3","=328"
"COEN","3","=328"
"CURTIS","3","=328"
"DALE","3","=328"
"DARREN","3","=328"
"DENZEL","3","=328"
"DIESEL","3","=328"
"DIMITRIOS","3","=328"
"DOMENICO","3","=328"
"DOUGLAS","3","=328"
"EAMON","3","=328"
"EMILIO","3","=328"
"FERGUS","3","=328"
"FINLAY","3","=328"
"FINLEY","3","=328"
"FRANCIS","3","=328"
"GIOVANNI","3","=328"
"GRIFFIN","3","=328"
"HARPER","3","=328"
"HENRI","3","=328"
"IMMANUEL","3","=328"
"IVAN","3","=328"
"IZAK","3","=328"
"JADE","3","=328"
"JADEN","3","=328"
"JAYKOB","3","=328"
"JOEY","3","=328"
"JOHNATHAN","3","=328"
"JON","3","=328"
"JONAS","3","=328"
"JONATHON","3","=328"
"JUDAH","3","=328"
"KAELAN","3","=328"
"KALE","3","=328"
"KAYDEN","3","=328"
"KEITH","3","=328"
"KIAN","3","=328"
"KIEREN","3","=328"
"KODY","3","=328"
"KONRAD","3","=328"
"KURTIS","3","=328"
"LEE","3","=328"
"LEIGH","3","=328"
"LUCIUS","3","=328"
"LUIS","3","=328"
"MALACHI","3","=328"
"MALIK","3","=328"
"MARTIN","3","=328"
"MAXIMUS","3","=328"
"MEKHI","3","=328"
"MURPHY","3","=328"
"NIKOLA","3","=328"
"OMAR","3","=328"
"PHILIP","3","=328"
"PHILLIP","3","=328"
"RAIDEN","3","=328"
"RAYMOND","3","=328"
"REEF","3","=328"
"RHILEY","3","=328"
"RICKY","3","=328"
"ROMEO","3","=328"
"SID","3","=328"
"SPENCER","3","=328"
"STEPHEN","3","=328"
"SUNNY","3","=328"
"TALON","3","=328"
"TAYLOR","3","=328"
"TEX","3","=328"
"THIEN","3","=328"
"TONY","3","=328"
"TYRESE","3","=328"
"VICTOR","3","=328"
"WADE","3","=328"
"WIL","3","=328"
"WILLEM","3","=328"
"ZAIN","3","=328"
"ZEKE","3","=328"
"ZEN","3","=328"
"ADEN","2","=419"
"AJAY","2","=419"
"ALEKSA","2","=419"
"ALEKSANDAR","2","=419"
"ALEXANDROS","2","=419"
"ALISTAIR","2","=419"
"AMIR","2","=419"
"ANAKIN","2","=419"
"ARIEL","2","=419"
"ARYAN","2","=419"
"ASH","2","=419"
"ASHLEIGH","2","=419"
"AUSTYN","2","=419"
"AXLE","2","=419"
"BANJO","2","=419"
"BECKHAM","2","=419"
"BLAIR","2","=419"
"BOB","2","=419"
"BOBBY","2","=419"
"BOSTON","2","=419"
"BRAD","2","=419"
"BRAEDEN","2","=419"
"BRANDYN","2","=419"
"BRENDAN","2","=419"
"BRENDON","2","=419"
"BRICE","2","=419"
"BRODI","2","=419"
"BRYNN","2","=419"
"CADE","2","=419"
"CAEL","2","=419"
"CAIDEN","2","=419"
"CAIN","2","=419"
"CALAN","2","=419"
"CARMINE","2","=419"
"CHACE","2","=419"
"CHAZ","2","=419"
"CHESTER","2","=419"
"CHOL","2","=419"
"CHRIS","2","=419"
"CLARENCE","2","=419"
"CLINT","2","=419"
"CLINTON","2","=419"
"CLOUD","2","=419"
"CODI","2","=419"
"CODIE","2","=419"
"COHAN","2","=419"
"COLBY","2","=419"
"CORBEN","2","=419"
"CORBIN","2","=419"
"CORMAC","2","=419"
"CORY","2","=419"
"CRAIG","2","=419"
"CRISTIAN","2","=419"
"CRISTIANO","2","=419"
"CULLEN","2","=419"
"DASHIEL","2","=419"
"DEAKON","2","=419"
"DEJAN","2","=419"
"DENG","2","=419"
"DENVER","2","=419"
"DEVLIN","2","=419"
"DIEGO","2","=419"
"DIEZEL","2","=419"
"DIGBY","2","=419"
"DILLON","2","=419"
"DONTAE","2","=419"
"DOUGAL","2","=419"
"DRAE","2","=419"
"DUKE","2","=419"
"DYLLAN","2","=419"
"EDDY","2","=419"
"EDEN","2","=419"
"ENRIQUE","2","=419"
"EWAN","2","=419"
"FLOYD","2","=419"
"FRANCESCO","2","=419"
"FYNN","2","=419"
"GIANNI","2","=419"
"GIUSEPPE","2","=419"
"GREGORY","2","=419"
"GUS","2","=419"
"HAMYSH","2","=419"
"HARTLEY","2","=419"
"HAYDON","2","=419"
"HIEU","2","=419"
"HUY","2","=419"
"INDIANA","2","=419"
"ISIAH","2","=419"
"ISSAC","2","=419"
"IZAC","2","=419"
"IZACK","2","=419"
"IZAIAH","2","=419"
"JAC","2","=419"
"JACOBUS","2","=419"
"JAD","2","=419"
"JAMIESON","2","=419"
"JAQUAN","2","=419"
"JAROD","2","=419"
"JARRAD","2","=419"
"JARRAH","2","=419"
"JAYCE","2","=419"
"JAYE","2","=419"
"JAYLEN","2","=419"
"JENSEN","2","=419"
"JHETT","2","=419"
"JHYLAN","2","=419"
"JOBE","2","=419"
"JOHNATHON","2","=419"
"JONTE","2","=419"
"JONTY","2","=419"
"JOSEF","2","=419"
"JOSHUAH","2","=419"
"JOVI","2","=419"
"JUDD","2","=419"
"JULIO","2","=419"
"JULIUS","2","=419"
"JUSTICE","2","=419"
"KAEL","2","=419"
"KAIDYN","2","=419"
"KAILAN","2","=419"
"KAIN","2","=419"
"KAINE","2","=419"
"KARL","2","=419"
"KAYLAN","2","=419"
"KAYLEN","2","=419"
"KEEGAN","2","=419"
"KEENAN","2","=419"
"KELLY","2","=419"
"KHOI","2","=419"
"KINGSLEY","2","=419"
"KODI","2","=419"
"KOSTA","2","=419"
"KUR","2","=419"
"KURT","2","=419"
"KYNAN","2","=419"
"KYRAN","2","=419"
"LANCE","2","=419"
"LATRELLE","2","=419"
"LEOPOLD","2","=419"
"LOUIE","2","=419"
"LUC","2","=419"
"LUKEY","2","=419"
"LYSANDER","2","=419"
"MACK","2","=419"
"MADDOX","2","=419"
"MAKAI","2","=419"
"MALACHY","2","=419"
"MARC","2","=419"
"MARCOS","2","=419"
"MARKO","2","=419"
"MARKUS","2","=419"
"MATEO","2","=419"
"MATTEO","2","=419"
"MAXIMO","2","=419"
"MILAN","2","=419"
"MILLER","2","=419"
"MILO","2","=419"
"MINH","2","=419"
"MITCH","2","=419"
"MOHAMED","2","=419"
"MOHAMMED","2","=419"
"MORGAN","2","=419"
"NAM","2","=419"
"NASH","2","=419"
"NICK","2","=419"
"NIHAL","2","=419"
"NIKLAS","2","=419"
"NIKOLAI","2","=419"
"NIKOLAOS","2","=419"
"ODIN","2","=419"
"OLLIE","2","=419"
"PANAYIOTI","2","=419"
"PHU","2","=419"
"PJ","2","=419"
"PRATEEK","2","=419"
"QUAN","2","=419"
"RAINE","2","=419"
"RAMSEY","2","=419"
"RAPHAEL","2","=419"
"REESE","2","=419"
"REGAN","2","=419"
"REILEY","2","=419"
"REMY","2","=419"
"REX","2","=419"
"RHETT","2","=419"
"RICHARD","2","=419"
"RIELY","2","=419"
"RIVER","2","=419"
"ROME","2","=419"
"ROSS","2","=419"
"ROY","2","=419"
"ROYCE","2","=419"
"RUBEN","2","=419"
"RYKER","2","=419"
"RYLAND","2","=419"
"SAMPSON","2","=419"
"SAVERIO","2","=419"
"SAVVAS","2","=419"
"SAWYER","2","=419"
"SHAY","2","=419"
"SIDDHARTH","2","=419"
"SILAS","2","=419"
"SONNY","2","=419"
"SOTIRIOS","2","=419"
"STANLEY","2","=419"
"STELIOS","2","=419"
"STEVE","2","=419"
"STEWART","2","=419"
"STUART","2","=419"
"TAINE","2","=419"
"TALLAN","2","=419"
"TARJ","2","=419"
"TARKYN","2","=419"
"TAYTE","2","=419"
"TEEJAY","2","=419"
"THEO","2","=419"
"TIAGO","2","=419"
"TIEN","2","=419"
"TODD","2","=419"
"TOMAS","2","=419"
"TOMASZ","2","=419"
"TRISTEN","2","=419"
"TRISTIAN","2","=419"
"TYEE","2","=419"
"TYLA","2","=419"
"TYRIQUE","2","=419"
"VAUGHAN","2","=419"
"VINCENZO","2","=419"
"WALEED","2","=419"
"YIANNI","2","=419"
"YOUSSEF","2","=419"
"ZACHARIA","2","=419"
"ZACHERY","2","=419"
"ZAVIER","2","=419"
"ZEB","2","=419"
"ZECHARIAH","2","=419"
"ZETH","2","=419"
"ZIGGY","2","=419"
"AADEN","1","=657"
"AADI","1","=657"
"AARIAN","1","=657"
"AARII","1","=657"
"AARONE","1","=657"
"ABBAS","1","=657"
"ABDUL","1","=657"
"ABDUL-JALIL","1","=657"
"ABDULAH","1","=657"
"ABDULRAHIEM","1","=657"
"ABDURAHIM","1","=657"
"ABED-KADER","1","=657"
"ABEL","1","=657"
"ABHIJIT","1","=657"
"ABRAHAM","1","=657"
"ABTIN","1","=657"
"ABU-BAKARI","1","=657"
"ACE","1","=657"
"ACELIN","1","=657"
"ADDIS","1","=657"
"ADER","1","=657"
"ADI","1","=657"
"ADIB","1","=657"
"ADIKUS","1","=657"
"ADIN","1","=657"
"ADISON","1","=657"
"ADITYA","1","=657"
"ADNAN","1","=657"
"ADOR","1","=657"
"AEDAN","1","=657"
"AENGUS","1","=657"
"AGGELOS","1","=657"
"AGOSTINO","1","=657"
"AHMAD","1","=657"
"AHMED","1","=657"
"AISH","1","=657"
"AJAK","1","=657"
"AJAX","1","=657"
"AKIRA","1","=657"
"AKSEL","1","=657"
"ALASDAIR","1","=657"
"ALBERTO","1","=657"
"ALEK-ZAYNE","1","=657"
"ALEKSEY","1","=657"
"ALEN","1","=657"
"ALEX-ZANDER","1","=657"
"ALEXANDAR","1","=657"
"ALEXANDRO","1","=657"
"ALEXEI","1","=657"
"ALEXIS","1","=657"
"ALFIE","1","=657"
"ALFRED","1","=657"
"ALHASSAN","1","=657"
"ALIER","1","=657"
"ALIJA","1","=657"
"ALIX","1","=657"
"ALONSO","1","=657"
"ALTOM","1","=657"
"ALYN","1","=657"
"AMANI","1","=657"
"AMARNI","1","=657"
"AMARU","1","=657"
"AMEDY","1","=657"
"AMEEN","1","=657"
"AMIN","1","=657"
"ANAI","1","=657"
"ANAK","1","=657"
"ANAS","1","=657"
"ANASTASIOS","1","=657"
"ANDERSEN","1","=657"
"ANDERSON","1","=657"
"ANDRANIK","1","=657"
"ANDREA","1","=657"
"ANDREI","1","=657"
"ANDROS","1","=657"
"ANEL","1","=657"
"ANFERNE","1","=657"
"ANFERNEE","1","=657"
"ANGAS","1","=657"
"ANGE","1","=657"
"ANIELLO","1","=657"
"ANNAN","1","=657"
"ANNYN","1","=657"
"ANTHANY","1","=657"
"ANTONI","1","=657"
"ANTONIN","1","=657"
"ANTONINO","1","=657"
"APOSTLE-PAUL","1","=657"
"AQUEL","1","=657"
"ARAMIS","1","=657"
"ARCHIBALD","1","=657"
"ARDA","1","=657"
"ARDEN","1","=657"
"AREN","1","=657"
"ARIF","1","=657"
"ARIS","1","=657"
"ARJUN","1","=657"
"ARLEN","1","=657"
"ARLO","1","=657"
"ARMAND","1","=657"
"ARMANDO","1","=657"
"ARMEN","1","=657"
"ARMIN","1","=657"
"ARMON","1","=657"
"ARNOLD","1","=657"
"ARON","1","=657"
"ARREN","1","=657"
"ARRON","1","=657"
"ARTI","1","=657"
"ASHDAN","1","=657"
"ASHISH","1","=657"
"ASHKAN","1","=657"
"ASHLEE","1","=657"
"ASHRAF","1","=657"
"ASHTN","1","=657"
"ASTIN","1","=657"
"ATTICUS","1","=657"
"AUGUSTUS","1","=657"
"AUSTEN","1","=657"
"AVI","1","=657"
"AYANA","1","=657"
"AYDAN","1","=657"
"AYDN","1","=657"
"AYMAN","1","=657"
"AYNSLEIGH","1","=657"
"AYSAR","1","=657"
"AZARD","1","=657"
"AZARO","1","=657"
"AZIAH","1","=657"
"AZZIRAH","1","=657"
"BADEN","1","=657"
"BAEDAN","1","=657"
"BAKER","1","=657"
"BALIAN","1","=657"
"BALIN","1","=657"
"BALUN","1","=657"
"BAO","1","=657"
"BAQER","1","=657"
"BARRY","1","=657"
"BARTOSZ","1","=657"
"BASTIAN","1","=657"
"BASTIEN","1","=657"
"BAY-LIH","1","=657"
"BAYAN","1","=657"
"BAYDEN","1","=657"
"BAYDON","1","=657"
"BAYLEE","1","=657"
"BAYLIE","1","=657"
"BAYLIN","1","=657"
"BAYLY","1","=657"
"BEDE","1","=657"
"BENJAMEN","1","=657"
"BENNY","1","=657"
"BERE-KAI","1","=657"
"BERGEAH","1","=657"
"BERNARD","1","=657"
"BEST","1","=657"
"BILL","1","=657"
"BINUK","1","=657"
"BIOR","1","=657"
"BJ-BASIL","1","=657"
"BLESS","1","=657"
"BO","1","=657"
"BOAZ","1","=657"
"BODI","1","=657"
"BOGDAN","1","=657"
"BOHDI","1","=657"
"BONN","1","=657"
"BOSCO","1","=657"
"BOSKO","1","=657"
"BOUN","1","=657"
"BOW","1","=657"
"BOWEN","1","=657"
"BOYD","1","=657"
"BRADIE","1","=657"
"BRADTKE","1","=657"
"BRAEDAN","1","=657"
"BRAIDYN","1","=657"
"BRAITHAN","1","=657"
"BRANT","1","=657"
"BRAXTON","1","=657"
"BRAYDAN","1","=657"
"BRAYDEN-JAMES","1","=657"
"BRENNAN","1","=657"
"BRENTEN","1","=657"
"BRENTON","1","=657"
"BRETT","1","=657"
"BROC","1","=657"
"BRODEN","1","=657"
"BRODERICK","1","=657"
"BRODIE-LEWIS","1","=657"
"BROK","1","=657"
"BRONDAN","1","=657"
"BRONTE","1","=657"
"BROUGHTON","1","=657"
"BRYDAN","1","=657"
"BRYN","1","=657"
"BRYSON","1","=657"
"BUTCH","1","=657"
"BYUNG","1","=657"
"CADYN","1","=657"
"CAEDEN","1","=657"
"CAELEN","1","=657"
"CAEYDIN","1","=657"
"CAI","1","=657"
"CAIDAN","1","=657"
"CAINE","1","=657"
"CAIRO","1","=657"
"CALEN","1","=657"
"CALIB","1","=657"
"CALLAHAN","1","=657"
"CALLAM","1","=657"
"CALLAN","1","=657"
"CALLEM","1","=657"
"CALLEN","1","=657"
"CALUM","1","=657"
"CAM'RON","1","=657"
"CAMINO","1","=657"
"CARDIN","1","=657"
"CARLEN","1","=657"
"CARLIN","1","=657"
"CARLO","1","=657"
"CARSYN","1","=657"
"CATHAN","1","=657"
"CAYDE","1","=657"
"CAYLAN","1","=657"
"CAYLEN","1","=657"
"CAYLIM","1","=657"
"CECIL","1","=657"
"CEDRICK","1","=657"
"CELESTIN","1","=657"
"CEM","1","=657"
"CHALIE","1","=657"
"CHANCE","1","=657"
"CHARDT","1","=657"
"CHASKA","1","=657"
"CHAYTON","1","=657"
"CHILEU","1","=657"
"CHRISLEE","1","=657"
"CHRISTIAAN","1","=657"
"CHRYS","1","=657"
"CIARAN","1","=657"
"CLANCY","1","=657"
"CLARK","1","=657"
"CLAY","1","=657"
"CLEON","1","=657"
"CLIFFORD","1","=657"
"COBEN","1","=657"
"COELL","1","=657"
"CONNA","1","=657"
"CONNER","1","=657"
"CONOR","1","=657"
"CONRAD","1","=657"
"CONRADO","1","=657"
"COOPA","1","=657"
"COREN","1","=657"
"CORI","1","=657"
"CORMACK","1","=657"
"CORNELIU-IOAN","1","=657"
"CORRADO","1","=657"
"CORRIE","1","=657"
"COSTA","1","=657"
"COUPER","1","=657"
"CRISTIAN-JOHN","1","=657"
"CRUZE","1","=657"
"CULLUM","1","=657"
"CY","1","=657"
"CYPRESS","1","=657"
"CYRUS","1","=657"
"DADE","1","=657"
"DAEMEON","1","=657"
"DAI","1","=657"
"DAIN","1","=657"
"DAKIN","1","=657"
"DAKODA","1","=657"
"DAKOTA","1","=657"
"DAKOTAH","1","=657"
"DALLAS","1","=657"
"DALY","1","=657"
"DAMIR","1","=657"
"DAN-HIEN","1","=657"
"DANA","1","=657"
"DANIEL-JACK","1","=657"
"DANIELE","1","=657"
"DANIELL","1","=657"
"DANILO","1","=657"
"DANNELLISON","1","=657"
"DANTHRA","1","=657"
"DANYALL","1","=657"
"DANYLE","1","=657"
"DAO","1","=657"
"DARIS","1","=657"
"DARNELL","1","=657"
"DARRYL","1","=657"
"DASH","1","=657"
"DAUNTE","1","=657"
"DAYMEN","1","=657"
"DAZZA","1","=657"
"DEA","1","=657"
"DEACAN","1","=657"
"DEAKIN","1","=657"
"DEAZEL","1","=657"
"DEEKAN","1","=657"
"DEGAN","1","=657"
"DEKLYN","1","=657"
"DEMETRIOS","1","=657"
"DEMITRIOUS","1","=657"
"DEMPSEY","1","=657"
"DENE","1","=657"
"DENIS","1","=657"
"DEON","1","=657"
"DEONDREY","1","=657"
"DEONTAE","1","=657"
"DEREK","1","=657"
"DERYCK","1","=657"
"DESMOND","1","=657"
"DESTIN","1","=657"
"DEVARAJ","1","=657"
"DEVINDAR","1","=657"
"DEVLYN","1","=657"
"DEVON","1","=657"
"DEXTER","1","=657"
"DHRUVA","1","=657"
"DILLAN","1","=657"
"DIMI","1","=657"
"DIMITRI","1","=657"
"DIMYTRI","1","=657"
"DINO","1","=657"
"DION-MARK","1","=657"
"DJANGO","1","=657"
"DOMANIC","1","=657"
"DOMENICANTONIO","1","=657"
"DOMENIK","1","=657"
"DOMINIKE","1","=657"
"DON","1","=657"
"DONNY","1","=657"
"DONOVAN","1","=657"
"DORIAN","1","=657"
"DOUG","1","=657"
"DRAGAN","1","=657"
"DRAKE","1","=657"
"DRAYDON","1","=657"
"DRAZIC","1","=657"
"DRE","1","=657"
"DREYSE","1","=657"
"DU","1","=657"
"DUC","1","=657"
"DURAN","1","=657"
"DUSTIN","1","=657"
"DUSTY","1","=657"
"DWAYNE","1","=657"
"EADON","1","=657"
"EAGLE","1","=657"
"EATHAN","1","=657"
"EDDIE","1","=657"
"EDIN","1","=657"
"EDMUND","1","=657"
"EDUARDO","1","=657"
"EDWIN","1","=657"
"EITHEN","1","=657"
"ELIAJAH","1","=657"
"ELTON","1","=657"
"ELWIN","1","=657"
"EMANOUEL","1","=657"
"EMEKA","1","=657"
"EMILE","1","=657"
"EMIN","1","=657"
"EMIR","1","=657"
"EMMIT","1","=657"
"ENIFTY","1","=657"
"ENRIC","1","=657"
"ENRIKO","1","=657"
"EOIN","1","=657"
"ERAYND","1","=657"
"ERFAN","1","=657"
"ERIK","1","=657"
"ERLAN","1","=657"
"ERROL","1","=657"
"ERYNE","1","=657"
"ESHAAN","1","=657"
"ETHIAN","1","=657"
"ETIENNE","1","=657"
"EUAN","1","=657"
"EVANGELOS","1","=657"
"EWEN","1","=657"
"EZEIKIEL","1","=657"
"FADI","1","=657"
"FARHAD","1","=657"
"FARHUM","1","=657"
"FATHI","1","=657"
"FATONAH","1","=657"
"FEDERICO","1","=657"
"FENTON","1","=657"
"FERDINAND","1","=657"
"FERNANDO","1","=657"
"FERUZ","1","=657"
"FILIP","1","=657"
"FINNIGAN","1","=657"
"FINNLEY","1","=657"
"FIORE","1","=657"
"FLORIAN","1","=657"
"FOTIOS","1","=657"
"FOX","1","=657"
"FRANCO","1","=657"
"FRANKLIN","1","=657"
"FRAYZAH","1","=657"
"GAELAN","1","=657"
"GAK","1","=657"
"GAVIN","1","=657"
"GEMTREE","1","=657"
"GEN","1","=657"
"GEOFFREY","1","=657"
"GEORDAN","1","=657"
"GEORGES","1","=657"
"GEORGIOS","1","=657"
"GIANCARLO","1","=657"
"GIANG","1","=657"
"GIANLUCA","1","=657"
"GILBERT","1","=657"
"GILES","1","=657"
"GINJI","1","=657"
"GINTAS","1","=657"
"GIORGIO","1","=657"
"GORDEN","1","=657"
"GORDON","1","=657"
"GOVIND","1","=657"
"GRADY","1","=657"
"GRAHAM","1","=657"
"GRANGE","1","=657"
"GRANT","1","=657"
"GRYFFIN","1","=657"
"GUNYOUNG","1","=657"
"GURDAMAN","1","=657"
"GURSAVIK","1","=657"
"HADRIAN","1","=657"
"HAFIZ","1","=657"
"HAIDER","1","=657"
"HAJAR","1","=657"
"HAMILTON","1","=657"
"HAMZA","1","=657"
"HAN","1","=657"
"HARALAMBOS","1","=657"
"HARIZ","1","=657"
"HARLAN","1","=657"
"HARLEN","1","=657"
"HAROLD","1","=657"
"HARRI","1","=657"
"HARRIS","1","=657"
"HARRYSEN","1","=657"
"HARVARD","1","=657"
"HASEEF","1","=657"
"HASSAN","1","=657"
"HAYATO","1","=657"
"HAYDYN","1","=657"
"HECTOR","1","=657"
"HEIDEN","1","=657"
"HENDRIX","1","=657"
"HENLEY","1","=657"
"HENRIK","1","=657"
"HIEP","1","=657"
"HILMAN","1","=657"
"HOANG","1","=657"
"HOLDEN","1","=657"
"HOSSEIN","1","=657"
"HOWARD","1","=657"
"HUDSEN","1","=657"
"HUNTAR","1","=657"
"HUON","1","=657"
"HUSSAIN","1","=657"
"HUSSIEN","1","=657"
"HUW","1","=657"
"IADAN","1","=657"
"IBRAHIM","1","=657"
"IGNATIUS","1","=657"
"IHSAN","1","=657"
"ILIAS","1","=657"
"ILIYA","1","=657"
"ILLIA","1","=657"
"ILYA","1","=657"
"IMRAN","1","=657"
"INDI","1","=657"
"INDI-OAKLEN","1","=657"
"IRIGA","1","=657"
"ISAK","1","=657"
"ISAM","1","=657"
"ISHMARL","1","=657"
"IVERSON","1","=657"
"IZACH","1","=657"
"IZAIHA","1","=657"
"IZAYAH","1","=657"
"JAAN","1","=657"
"JACE","1","=657"
"JACE-JOHN","1","=657"
"JACHIN","1","=657"
"JACKSEN","1","=657"
"JACOME","1","=657"
"JACQUES","1","=657"
"JADDIHYA","1","=657"
"JAECOB","1","=657"
"JAEGER","1","=657"
"JAHEIM","1","=657"
"JAHROME","1","=657"
"JAHZIAH","1","=657"
"JAIDON","1","=657"
"JAIKYE","1","=657"
"JAIME","1","=657"
"JAITA","1","=657"
"JAITYN","1","=657"
"JAKEB","1","=657"
"JAKK","1","=657"
"JAKSON","1","=657"
"JAKUB","1","=657"
"JALEN","1","=657"
"JAMAL","1","=657"
"JAMAYNE","1","=657"
"JAMEISON","1","=657"
"JAMILE","1","=657"
"JAMILL","1","=657"
"JAMIRIQUI","1","=657"
"JAMISON","1","=657"
"JAMON","1","=657"
"JAQUN","1","=657"
"JARELL","1","=657"
"JAREM","1","=657"
"JARETH","1","=657"
"JARMEL","1","=657"
"JAROM","1","=657"
"JARRYD","1","=657"
"JARVA","1","=657"
"JASDIP","1","=657"
"JAVIER","1","=657"
"JAXEN","1","=657"
"JAXTON","1","=657"
"JAYCEK","1","=657"
"JAYCOB","1","=657"
"JAYDEE","1","=657"
"JAYDEN-CHAU","1","=657"
"JAYDIN","1","=657"
"JAYDON","1","=657"
"JAYKE","1","=657"
"JAYKEB","1","=657"
"JAYME","1","=657"
"JAYMZ","1","=657"
"JAYRELL","1","=657"
"JAYSON","1","=657"
"JAZIAH","1","=657"
"JAZZ","1","=657"
"JEAREN","1","=657"
"JEDD","1","=657"
"JEDIDIAH","1","=657"
"JEFF","1","=657"
"JEIDEN","1","=657"
"JEMIAR","1","=657"
"JEROME","1","=657"
"JERRAMY","1","=657"
"JESSE-RODNEY","1","=657"
"JESSIE","1","=657"
"JETHRO","1","=657"
"JEYDEN","1","=657"
"JEYTON","1","=657"
"JHARLEI","1","=657"
"JHAYDEN","1","=657"
"JHYE","1","=657"
"JIBRIL","1","=657"
"JILEY-KIM","1","=657"
"JIM","1","=657"
"JIN","1","=657"
"JING","1","=657"
"JIORJO","1","=657"
"JIYAH","1","=657"
"JIYZAIA","1","=657"
"JKYA","1","=657"
"JOAB","1","=657"
"JOAQUIN","1","=657"
"JOBIE","1","=657"
"JOCK","1","=657"
"JOE","1","=657"
"JOHANNES","1","=657"
"JOHNATHON-DANIEL","1","=657"
"JOHNSON","1","=657"
"JOLYON","1","=657"
"JONA","1","=657"
"JONES","1","=657"
"JORDON","1","=657"
"JOSE","1","=657"
"JOSIP","1","=657"
"JOSS","1","=657"
"JOSUE","1","=657"
"JOVEN","1","=657"
"JUAN-CARLOS","1","=657"
"JUKIAH","1","=657"
"JUL","1","=657"
"JULES","1","=657"
"JUMAL","1","=657"
"JUN","1","=657"
"JUNIOR","1","=657"
"JYAH","1","=657"
"JYIIHA","1","=657"
"JYRELLE","1","=657"
"KADENCE","1","=657"
"KAE'A","1","=657"
"KAHLAN","1","=657"
"KAIGE","1","=657"
"KAIJI","1","=657"
"KAILEB","1","=657"
"KAIRO","1","=657"
"KAISAR","1","=657"
"KAISER","1","=657"
"KALAB","1","=657"
"KALANI","1","=657"
"KALEM","1","=657"
"KALEN","1","=657"
"KALLAI","1","=657"
"KALLUM","1","=657"
"KALON","1","=657"
"KALVYN","1","=657"
"KAMAN","1","=657"
"KAMRAN","1","=657"
"KANG","1","=657"
"KAOS-JAMES","1","=657"
"KARLU","1","=657"
"KAVI","1","=657"
"KAVIAN","1","=657"
"KAYA","1","=657"
"KAYAN","1","=657"
"KAYLEB","1","=657"
"KEALAN","1","=657"
"KEEDEN","1","=657"
"KEILGHE","1","=657"
"KEKOAH","1","=657"
"KELLAN","1","=657"
"KELVIN","1","=657"
"KEN","1","=657"
"KENAN","1","=657"
"KENNETH","1","=657"
"KENNITH","1","=657"
"KENNY","1","=657"
"KENON-IVORY","1","=657"
"KENT","1","=657"
"KES","1","=657"
"KEYVAN","1","=657"
"KHADE","1","=657"
"KHALEN","1","=657"
"KIERON","1","=657"
"KIERRYN","1","=657"
"KIET","1","=657"
"KIFARU","1","=657"
"KIP","1","=657"
"KIRIACOS","1","=657"
"KIRIN","1","=657"
"KIT","1","=657"
"KOBEE","1","=657"
"KOBIE","1","=657"
"KOCH","1","=657"
"KOHAN","1","=657"
"KOHDA","1","=657"
"KOHDY","1","=657"
"KOHEI","1","=657"
"KOHEN","1","=657"
"KONSTANTINOS","1","=657"
"KOOPER","1","=657"
"KORBEN","1","=657"
"KORBYN","1","=657"
"KOSTANTINOS","1","=657"
"KOSTIA","1","=657"
"KOUGER","1","=657"
"KOZIN","1","=657"
"KRILLIN","1","=657"
"KRISTOPHER","1","=657"
"KRUSH","1","=657"
"KUACH","1","=657"
"KUAN","1","=657"
"KULLEN","1","=657"
"KYAI","1","=657"
"KYDEN","1","=657"
"KYETON","1","=657"
"KYLAN","1","=657"
"KYNE","1","=657"
"KYRELLE","1","=657"
"KYRON","1","=657"
"KYUS","1","=657"
"LA","1","=657"
"LACHIE","1","=657"
"LACHLAN-TAI","1","=657"
"LAMINE","1","=657"
"LANDON","1","=657"
"LARS","1","=657"
"LATRELL","1","=657"
"LAUCLAN","1","=657"
"LAUD","1","=657"
"LAWSON","1","=657"
"LAYNE","1","=657"
"LAYTH","1","=657"
"LAYTON-JAMES","1","=657"
"LEDIO","1","=657"
"LEEDON","1","=657"
"LEEVI","1","=657"
"LEIGHTON","1","=657"
"LEITH","1","=657"
"LEM","1","=657"
"LENNON","1","=657"
"LEON-ETHAN","1","=657"
"LEONARD","1","=657"
"LEONARDO","1","=657"
"LEROY","1","=657"
"LETHANIEL","1","=657"
"LEV","1","=657"
"LIEM","1","=657"
"LINDSAY","1","=657"
"LINKIN","1","=657"
"LINKIN-JAMES","1","=657"
"LINUS","1","=657"
"LLEYTON","1","=657"
"LOCHIE","1","=657"
"LOCHLAIN","1","=657"
"LOCHLEN","1","=657"
"LOCHLIN","1","=657"
"LOCHLYN","1","=657"
"LOCHMAN","1","=657"
"LOCKE","1","=657"
"LOCKLYN","1","=657"
"LOK","1","=657"
"LOKHLAN","1","=657"
"LOKI","1","=657"
"LORCAN","1","=657"
"LORENZO","1","=657"
"LOUKA","1","=657"
"LOYD","1","=657"
"LUAL","1","=657"
"LUCAFER","1","=657"
"LUCIAN","1","=657"
"LUCIANO","1","=657"
"LUCIEN","1","=657"
"LUCUIS","1","=657"
"LUEY","1","=657"
"LUI","1","=657"
"LUKAZ","1","=657"
"LYALL","1","=657"
"LYDON","1","=657"
"LYLE","1","=657"
"LYNKON","1","=657"
"MAARTIN","1","=657"
"MABIL","1","=657"
"MAC","1","=657"
"MACAULEY","1","=657"
"MACKLIN","1","=657"
"MACKYE","1","=657"
"MADDEN","1","=657"
"MADISON","1","=657"
"MAHDI","1","=657"
"MAHDY","1","=657"
"MAISON","1","=657"
"MAITLAND","1","=657"
"MAKENZIE","1","=657"
"MAKIAH","1","=657"
"MAKNA","1","=657"
"MAKYAHA","1","=657"
"MALAKI","1","=657"
"MALCOLM","1","=657"
"MALI","1","=657"
"MALIKY","1","=657"
"MAN","1","=657"
"MAQENZEE","1","=657"
"MARC-MARWEN","1","=657"
"MARCEL","1","=657"
"MARCELLO","1","=657"
"MARIANO","1","=657"
"MARIN","1","=657"
"MARIOS","1","=657"
"MARIUS","1","=657"
"MARK-ANTHONY","1","=657"
"MARLI","1","=657"
"MARLIN","1","=657"
"MARLON","1","=657"
"MARQUES","1","=657"
"MARSHAL","1","=657"
"MATEJA","1","=657"
"MATEUS","1","=657"
"MATIAS","1","=657"
"MATSON","1","=657"
"MATT","1","=657"
"MATTHIAS","1","=657"
"MAURICE","1","=657"
"MAVERICK","1","=657"
"MAVRIC","1","=657"
"MAXAMUS","1","=657"
"MAXIMAS","1","=657"
"MAXIMILIAN-CLAUDIUS","1","=657"
"MAXXIM","1","=657"
"MAXYM","1","=657"
"MAYSAM","1","=657"
"MAZIN","1","=657"
"MEDWIN","1","=657"
"MEHMET","1","=657"
"MELSHUEL","1","=657"
"MERCHANT","1","=657"
"MICHAELE","1","=657"
"MICHAIL","1","=657"
"MICHEAL","1","=657"
"MICHO","1","=657"
"MICK","1","=657"
"MIKAIL","1","=657"
"MIKEY","1","=657"
"MIKICA","1","=657"
"MILTON","1","=657"
"MINH-TUE","1","=657"
"MITCHEL","1","=657"
"MOGDAD","1","=657"
"MOHAMAD","1","=657"
"MOHI","1","=657"
"MONTARO","1","=657"
"MONTGOMERY","1","=657"
"MONTY","1","=657"
"MORDECAI","1","=657"
"MORETON","1","=657"
"MORGEN","1","=657"
"MORODOK","1","=657"
"MORRIE","1","=657"
"MORRIS","1","=657"
"MOSES","1","=657"
"MOSS","1","=657"
"MOSTON","1","=657"
"MOSTYN","1","=657"
"MUHAMED","1","=657"
"MUHAMMAD","1","=657"
"MUHAMMOD","1","=657"
"MUHEEB","1","=657"
"MUNGO","1","=657"
"MUSTAFA","1","=657"
"MUZAMMIL","1","=657"
"MUZZAMMILE","1","=657"
"MYKA","1","=657"
"NADIM","1","=657"
"NAISH","1","=657"
"NALANDA","1","=657"
"NARAN","1","=657"
"NAREN","1","=657"
"NASHAWN","1","=657"
"NASSER","1","=657"
"NATHAN-NOURI","1","=657"
"NATHANIAL","1","=657"
"NATTHEN","1","=657"
"NAVARRE","1","=657"
"NAVID","1","=657"
"NAVRIN","1","=657"
"NAYDEN","1","=657"
"NAYSAN","1","=657"
"NEHAN","1","=657"
"NEIL","1","=657"
"NEVILLE","1","=657"
"NICKOLAOS","1","=657"
"NICOLA","1","=657"
"NIKO","1","=657"
"NIXON","1","=657"
"NOEL","1","=657"
"NOUR","1","=657"
"NYAH","1","=657"
"NYDELL","1","=657"
"O'CHE","1","=657"
"OAKLEY","1","=657"
"OCEAN","1","=657"
"ODOLLA","1","=657"
"OLAI","1","=657"
"OLIVIER","1","=657"
"OMER","1","=657"
"OMID","1","=657"
"ORION","1","=657"
"ORLANZO","1","=657"
"ORYON","1","=657"
"OSKAH","1","=657"
"OSMAN","1","=657"
"OTIS","1","=657"
"OTTO","1","=657"
"OZ","1","=657"
"PABLO","1","=657"
"PAIKEA","1","=657"
"PAKGO","1","=657"
"PANOS","1","=657"
"PANTELIS","1","=657"
"PAOLO","1","=657"
"PARSA","1","=657"
"PASQUALE","1","=657"
"PATRIC","1","=657"
"PATRICK-RAJAKNA","1","=657"
"PATTANA","1","=657"
"PAULL","1","=657"
"PELLEGRINO","1","=657"
"PENN","1","=657"
"PERI","1","=657"
"PERRY","1","=657"
"PETROS","1","=657"
"PHEONIX","1","=657"
"PHIL","1","=657"
"PHONG","1","=657"
"PIERCE","1","=657"
"PRABHJOT","1","=657"
"QIJIA","1","=657"
"QUINN","1","=657"
"QUINTRELL","1","=657"
"RADMAN","1","=657"
"RAFAEL","1","=657"
"RAIYU","1","=657"
"RAJAB","1","=657"
"RAKAIA","1","=657"
"RANDAL","1","=657"
"RANI","1","=657"
"RATHANAK","1","=657"
"RAUL","1","=657"
"RAVI","1","=657"
"RAY","1","=657"
"RAYEME","1","=657"
"RAYHAN","1","=657"
"RAYN","1","=657"
"RAYNE","1","=657"
"REAGAN","1","=657"
"REID","1","=657"
"REMI","1","=657"
"REMINGTON","1","=657"
"RENG","1","=657"
"REWI","1","=657"
"RHODRI","1","=657"
"RHYAN","1","=657"
"RHYLAN","1","=657"
"RIAN","1","=657"
"RIC","1","=657"
"RICARDO","1","=657"
"RICCARD","1","=657"
"RICCARDO","1","=657"
"RIDLEY","1","=657"
"RIELEY","1","=657"
"RIKU","1","=657"
"RILEIGH","1","=657"
"RIMIAN","1","=657"
"RISHAB","1","=657"
"RITH","1","=657"
"RIVAH","1","=657"
"RIVALDO","1","=657"
"ROBBIE","1","=657"
"ROBINSON","1","=657"
"ROBSON","1","=657"
"ROCKY","1","=657"
"RODNEY","1","=657"
"RODRICK","1","=657"
"ROMAN","1","=657"
"ROMERO","1","=657"
"ROMIE","1","=657"
"ROMMEL","1","=657"
"RON","1","=657"
"RONIN","1","=657"
"ROSARIO","1","=657"
"ROSHAN","1","=657"
"ROUB","1","=657"
"ROYSTON","1","=657"
"RUNI","1","=657"
"RUSHIL","1","=657"
"RUSLAN","1","=657"
"RUSSELL","1","=657"
"RUSTY","1","=657"
"SAADY","1","=657"
"SABITI","1","=657"
"SACHA","1","=657"
"SAFARI","1","=657"
"SAI","1","=657"
"SAJJAD","1","=657"
"SAKITHA","1","=657"
"SALEEM","1","=657"
"SALVADOR","1","=657"
"SALVATORE","1","=657"
"SAMEER","1","=657"
"SAMUAL","1","=657"
"SARI","1","=657"
"SASCHA","1","=657"
"SASHA","1","=657"
"SATVIK","1","=657"
"SAUL","1","=657"
"SAXBY","1","=657"
"SAXYN","1","=657"
"SAYED","1","=657"
"SCANLON","1","=657"
"SEAMUS","1","=657"
"SEB","1","=657"
"SEBASTIEN","1","=657"
"SEBASTJAN","1","=657"
"SEMIR","1","=657"
"SERAFEIM","1","=657"
"SERGIO","1","=657"
"SETH-JOHN","1","=657"
"SETH-LEIGH","1","=657"
"SEYED","1","=657"
"SHAE","1","=657"
"SHAEMUS","1","=657"
"SHAH-FRED","1","=657"
"SHAKIELLE","1","=657"
"SHAMUS","1","=657"
"SHANAN","1","=657"
"SHAQUILLE","1","=657"
"SHAYAAN","1","=657"
"SHAYDEN","1","=657"
"SHAYE","1","=657"
"SHAYN","1","=657"
"SHEAH","1","=657"
"SHEM","1","=657"
"SHEMAIAH","1","=657"
"SHERMAN","1","=657"
"SHERROY","1","=657"
"SHIKANE","1","=657"
"SIAD","1","=657"
"SIDERIS","1","=657"
"SIMEN","1","=657"
"SIMEON","1","=657"
"SIMONAS","1","=657"
"SIMRAN","1","=657"
"SINAN","1","=657"
"SIRIUS","1","=657"
"SKY","1","=657"
"SOBANHA","1","=657"
"SOCRATES","1","=657"
"SOK-JUNSAYONARY","1","=657"
"SOKUN","1","=657"
"SOL","1","=657"
"SOLOMON","1","=657"
"SOMERLED","1","=657"
"SOREN","1","=657"
"SPIRIDON","1","=657"
"STAMATI","1","=657"
"STATHIS","1","=657"
"STEFANO","1","=657"
"STEFANOS","1","=657"
"STEINER","1","=657"
"STELLAN","1","=657"
"STEPHANE","1","=657"
"STERLING","1","=657"
"STERLYNG","1","=657"
"STEVRIN","1","=657"
"STIRLING","1","=657"
"STOJAN","1","=657"
"STORM","1","=657"
"STRATIS","1","=657"
"SUHAS","1","=657"
"SUJAI","1","=657"
"SWEN","1","=657"
"SYDNEY","1","=657"
"SYMON","1","=657"
"TAAHA","1","=657"
"TABE","1","=657"
"TADGH","1","=657"
"TADHG","1","=657"
"TAHJ","1","=657"
"TAHKOMA","1","=657"
"TAI","1","=657"
"TAIAWHIO","1","=657"
"TAIIN","1","=657"
"TAINUI","1","=657"
"TAIT","1","=657"
"TAITE","1","=657"
"TAJ-LEVI","1","=657"
"TAKODA","1","=657"
"TALIESIN","1","=657"
"TALIM","1","=657"
"TALTOS","1","=657"
"TAMA","1","=657"
"TAMATI","1","=657"
"TAMER","1","=657"
"TAN","1","=657"
"TARIQUE","1","=657"
"TARIS","1","=657"
"TARON","1","=657"
"TARQUIN","1","=657"
"TARRANT","1","=657"
"TASHAWN","1","=657"
"TAY","1","=657"
"TAYLAN","1","=657"
"TAYLEN","1","=657"
"TAYTON","1","=657"
"TEANGI","1","=657"
"TEE-JAY","1","=657"
"TEINA","1","=657"
"TEJAY","1","=657"
"TEKIN","1","=657"
"TENNYSON","1","=657"
"TENZIN","1","=657"
"TERELLE","1","=657"
"TERENCE","1","=657"
"TERENZO","1","=657"
"THAINE","1","=657"
"THANH","1","=657"
"THE","1","=657"
"THEOFANIS","1","=657"
"THIEM","1","=657"
"THIEN-PHU","1","=657"
"THIES","1","=657"
"THOM","1","=657"
"THOMAS-GEORGE","1","=657"
"THOMSON","1","=657"
"THUONG","1","=657"
"TIERRE","1","=657"
"TIM","1","=657"
"TIMOTI","1","=657"
"TINOTENDA","1","=657"
"TJAKAPIRRI","1","=657"
"TJERYAN","1","=657"
"TOBEY","1","=657"
"TOBI","1","=657"
"TOBIN","1","=657"
"TOMISLAV","1","=657"
"TOMMASO","1","=657"
"TOMMY-JUSTYN","1","=657"
"TORRAN","1","=657"
"TORSTEN","1","=657"
"TORY","1","=657"
"TREMAYNE","1","=657"
"TRENTEN","1","=657"
"TRESOR","1","=657"
"TRUMBY","1","=657"
"TUAN-TU","1","=657"
"TULLY","1","=657"
"TYE","1","=657"
"TYKO","1","=657"
"TYLAR","1","=657"
"TYLER-LEE","1","=657"
"TYLOR-JON","1","=657"
"TYN-THANH","1","=657"
"TYREE","1","=657"
"TYREECE","1","=657"
"TYREL","1","=657"
"TYRELL","1","=657"
"TYRELL-MICHEAL","1","=657"
"TYRONNE","1","=657"
"TYSAHA","1","=657"
"TYSNE","1","=657"
"UMUT","1","=657"
"UNE","1","=657"
"UNNAMED","1","=657"
"UY","1","=657"
"VAN","1","=657"
"VASILIS","1","=657"
"VASSILI","1","=657"
"VASSILIOS","1","=657"
"VEGAS","1","=657"
"VI","1","=657"
"VIBOLL","1","=657"
"VICTER","1","=657"
"VIJAY","1","=657"
"VIKRAM","1","=657"
"VINCENT-JOSEPH","1","=657"
"VINH","1","=657"
"VISSARION","1","=657"
"VITO","1","=657"
"VITTORIO","1","=657"
"VIVA","1","=657"
"VRASIDAS","1","=657"
"VYIZIGIRO","1","=657"
"WAHEEB","1","=657"
"WALID","1","=657"
"WARRICK","1","=657"
"WAYNE","1","=657"
"WILHEM","1","=657"
"WILSON","1","=657"
"WINCENT","1","=657"
"WIREMU","1","=657"
"WOLFGANG","1","=657"
"WYLIE","1","=657"
"XAVAEIR","1","=657"
"XIAO","1","=657"
"YAHYA","1","=657"
"YAN","1","=657"
"YANNI","1","=657"
"YEL","1","=657"
"YI","1","=657"
"YIFAN","1","=657"
"YONAS","1","=657"
"YUE","1","=657"
"YUSUF","1","=657"
"YYORK","1","=657"
"ZAAK","1","=657"
"ZABIULLAN","1","=657"
"ZACAREY","1","=657"
"ZACARY","1","=657"
"ZACHARIUS","1","=657"
"ZACKARY","1","=657"
"ZACKERY","1","=657"
"ZADKIEL","1","=657"
"ZADOK","1","=657"
"ZAID","1","=657"
"ZAIDE","1","=657"
"ZAIDEN","1","=657"
"ZAINE","1","=657"
"ZAINUL","1","=657"
"ZAKARA","1","=657"
"ZAKARY","1","=657"
"ZAKK","1","=657"
"ZAKYAH","1","=657"
"ZALAN","1","=657"
"ZANDA","1","=657"
"ZARICH","1","=657"
"ZARVI","1","=657"
"ZAYD","1","=657"
"ZAYDEN","1","=657"
"ZAYDN","1","=657"
"ZAYNE","1","=657"
"ZEBADIAH","1","=657"
"ZEBULON","1","=657"
"ZED","1","=657"
"ZEPHYR","1","=657"
"ZHEON","1","=657"
"ZICO","1","=657"
"ZIGURDS","1","=657"
"ZIHENG","1","=657"
"ZIRUI","1","=657"
"ZIXIN","1","=657"
"ZJ","1","=657"
"ZYE","1","=657"