First Name,Amount,Position
"OLIVER","131","1"
"HENRY","125","2"
"NOAH","105","3"
"CHARLIE","101","4"
"THEODORE","98","5"
"LEO","92","6"
"LEVI","91","7"
"WILLIAM","80","8"
"JACK","78","9"
"LUCA","75","10"
"HARVEY","74","11"
"ELIJAH","67","12"
"OSCAR","66","13"
"ARCHIE","65","14"
"LUCAS","64","15"
"ARCHER","63","16"
"HUDSON","59","17"
"THOMAS","58","18"
"GEORGE","57","19"
"DARCY","56","20"
"HUGO","55","21"
"JAMES","54","22"
"ARLO","52","=23"
"SEBASTIAN","52","=23"
"ALEXANDER","51","=25"
"KAI","51","=25"
"MAX","50","27"
"HARRISON","49","28"
"ARTHUR","48","29"
"HARRY","44","30"
"ISAAC","43","=31"
"LIAM","43","=31"
"AUSTIN","42","33"
"XAVIER","41","34"
"EDWARD","39","=35"
"HUNTER","39","=35"
"LINCOLN","39","=35"
"GRAYSON","38","=38"
"LACHLAN","38","=38"
"MILES","37","=40"
"OLLIE","37","=40"
"ANGUS","36","=42"
"BEAU","36","=42"
"MASON","36","=42"
"ETHAN","35","=45"
"LOUIS","35","=45"
"RORY","35","=45"
"LOUIE","34","=48"
"PARKER","34","=48"
"RILEY","34","=48"
"ASHER","33","=51"
"BENJAMIN","33","=51"
"BODHI","33","=51"
"JORDAN","33","=51"
"JACOB","32","=55"
"JAYDEN","32","=55"
"THEO","32","=55"
"ELI","31","=58"
"FINN","31","=58"
"FINLEY","30","=60"
"JUDE","30","=60"
"LOGAN","30","=60"
"HAMISH","29","=63"
"OAKLEY","29","=63"
"PATRICK","29","=63"
"CONNOR","28","=66"
"JACKSON","28","=66"
"JASPER","28","=66"
"LEON","28","=66"
"MUHAMMAD","28","=66"
"ORLANDO","28","=66"
"SPENCER","28","=66"
"JOSEPH","27","=73"
"SONNY","27","=73"
"ELLIOT","26","=75"
"JOSHUA","26","=75"
"LUKA","26","=75"
"EZRA","25","=78"
"MICHAEL","25","=78"
"ALFIE","24","=80"
"ALFRED","24","=80"
"CARTER","24","=80"
"LEONARDO","24","=80"
"MYLES","24","=80"
"BILLY","23","=85"
"CHARLES","23","=85"
"MAXWELL","23","=85"
"OTIS","23","=85"
"RIVER","23","=85"
"SAMUEL","23","=85"
"ALI","22","=91"
"COOPER","22","=91"
"REMY","22","=91"
"TOMMY","21","94"
"ELIAS","20","=95"
"FLYNN","20","=95"
"MARCUS","20","=95"
"AIDEN","19","=98"
"ASHTON","19","=98"
"FELIX","19","=98"
"FLETCHER","19","=98"
"JESSE","19","=98"
"JOEY","19","=98"
"KOA","19","=98"
"MALAKAI","19","=98"
"OWEN","19","=98"
"AUGUST","18","=107"
"DOMINIC","18","=107"
"ISAIAH","18","=107"
"JETT","18","=107"
"REUBEN","18","=107"
"RYDER","18","=107"
"ATLAS","17","=113"
"BAILEY","17","=113"
"GABRIEL","17","=113"
"ARI","16","=116"
"FREDERICK","16","=116"
"HENDRIX","16","=116"
"LENNY","16","=116"
"LUKE","16","=116"
"WYATT","16","=116"
"ZACHARY","16","=116"
"ZORAWAR","16","=116"
"ALBERT","15","=124"
"CALEB","15","=124"
"CHRISTIAN","15","=124"
"CHRISTOPHER","15","=124"
"CODY","15","=124"
"HENLEY","15","=124"
"HUGH","15","=124"
"MAVERICK","15","=124"
"RYAN","15","=124"
"SULLIVAN","15","=124"
"VINCENT","15","=124"
"ALBY","14","=135"
"AXEL","14","=135"
"ELLIOTT","14","=135"
"MATTEO","14","=135"
"NICHOLAS","14","=135"
"PETER","14","=135"
"RAPHAEL","14","=135"
"ROMAN","14","=135"
"TATE","14","=135"
"TOBIAS","14","=135"
"ADAM","13","=145"
"BRAXTON","13","=145"
"DANIEL","13","=145"
"DYLAN","13","=145"
"EZEKIEL","13","=145"
"HUXLEY","13","=145"
"LEWIS","13","=145"
"REMI","13","=145"
"RUPERT","13","=145"
"TED","13","=145"
"TOBY","13","=145"
"ALBIE","12","=156"
"BOWIE","12","=156"
"CHASE","12","=156"
"DECLAN","12","=156"
"MALIK","12","=156"
"MILO","12","=156"
"NATHAN","12","=156"
"NED","12","=156"
"OTTO","12","=156"
"ROMEO","12","=156"
"ROWAN","12","=156"
"SILAS","12","=156"
"WALTER","12","=156"
"ZIGGY","12","=156"
"BLAKE","11","=170"
"JAXON","11","=170"
"JAY","11","=170"
"KIAN","11","=170"
"OSKAR","11","=170"
"PERCY","11","=170"
"ROBERT","11","=170"
"TATUM","11","=170"
"TIMOTHY","11","=170"
"ZEKE","11","=170"
"AMIR","10","=180"
"ANDREW","10","=180"
"ARJAN","10","=180"
"ELLIS","10","=180"
"EMMETT","10","=180"
"FREDDIE","10","=180"
"GUS","10","=180"
"JAX","10","=180"
"JONATHAN","10","=180"
"KABIR","10","=180"
"LORENZO","10","=180"
"MATEO","10","=180"
"PHOENIX","10","=180"
"SIDNEY","10","=180"
"AMARI","9","=194"
"ANTHONY","9","=194"
"ATTICUS","9","=194"
"BOBBY","9","=194"
"BRODIE","9","=194"
"COHEN","9","=194"
"CRUZ","9","=194"
"FRANKIE","9","=194"
"HAYDEN","9","=194"
"JULIAN","9","=194"
"MATTHEW","9","=194"
"MEHTAB","9","=194"
"MICAH","9","=194"
"MITCHELL","9","=194"
"NATE","9","=194"
"NATHANIEL","9","=194"
"NOLAN","9","=194"
"RAFAEL","9","=194"
"ROCCO","9","=194"
"TYLER","9","=194"
"TYSON","9","=194"
"WINSTON","9","=194"
"ZAIN","9","=194"
"AARIV","8","=217"
"AARON","8","=217"
"ALEX","8","=217"
"ARJUN","8","=217"
"AZLAN","8","=217"
"BANKS","8","=217"
"DALLAS","8","=217"
"DAWSON","8","=217"
"DION","8","=217"
"EMERSON","8","=217"
"EMMANUEL","8","=217"
"EVAN","8","=217"
"HUEY","8","=217"
"JACE","8","=217"
"JAGGER","8","=217"
"JAMIE","8","=217"
"JENSEN","8","=217"
"JOHN","8","=217"
"KAIDEN","8","=217"
"KEVIN","8","=217"
"KOAH","8","=217"
"MALACHI","8","=217"
"NASH","8","=217"
"REGGIE","8","=217"
"RYLAN","8","=217"
"ZION","8","=217"
"ACE","7","=243"
"ASTON","7","=243"
"BOHDI","7","=243"
"BROOKLYN","7","=243"
"BROOKS","7","=243"
"CAMERON","7","=243"
"COVE","7","=243"
"DAVID","7","=243"
"EDDIE","7","=243"
"FRANKLIN","7","=243"
"GIOVANNI","7","=243"
"HAMZA","7","=243"
"HARLEY","7","=243"
"IAN","7","=243"
"IBRAHIM","7","=243"
"JAI","7","=243"
"JED","7","=243"
"KAYDEN","7","=243"
"KOBE","7","=243"
"MARCO","7","=243"
"MONTY","7","=243"
"MUSA","7","=243"
"NAWAB","7","=243"
"SYED","7","=243"
"TRAVIS","7","=243"
"XANDER","7","=243"
"ZANDER","7","=243"
"ZAYDEN","7","=243"
"AARVIK","6","=271"
"ADRIAN","6","=271"
"ANGAD","6","=271"
"BANJO","6","=271"
"BENJI","6","=271"
"BODIE","6","=271"
"CHESTER","6","=271"
"COLE","6","=271"
"COLT","6","=271"
"DUSTIN","6","=271"
"ELIO","6","=271"
"ERIC","6","=271"
"JEREMY","6","=271"
"KALEB","6","=271"
"LEROY","6","=271"
"MACK","6","=271"
"MARLEY","6","=271"
"RONAN","6","=271"
"SANTIAGO","6","=271"
"SHIVANSH","6","=271"
"STEVEN","6","=271"
"TAJ","6","=271"
"TEDDY","6","=271"
"TOM","6","=271"
"WILFRED","6","=271"
"YUSUF","6","=271"
"ZANE","6","=271"
"ZAVIER","6","=271"
"ZAYN","6","=271"
"ABEL","5","=300"
"ALESSANDRO","5","=300"
"ANTONIO","5","=300"
"AVYAAN","5","=300"
"AYAAN","5","=300"
"CASEY","5","=300"
"CRUZE","5","=300"
"CYRUS","5","=300"
"DEAN","5","=300"
"DIGBY","5","=300"
"DOUGLAS","5","=300"
"ENZO","5","=300"
"FATEH","5","=300"
"FERGUS","5","=300"
"GURFATEH","5","=300"
"HEATH","5","=300"
"IVAN","5","=300"
"JAKE","5","=300"
"JAXSON","5","=300"
"JAYLEN","5","=300"
"JEREMIAH","5","=300"
"JETHRO","5","=300"
"JOHNATHAN","5","=300"
"JOHNNY","5","=300"
"JOSIAH","5","=300"
"KAISON","5","=300"
"KHAI","5","=300"
"KIAAN","5","=300"
"KOBY","5","=300"
"KODY","5","=300"
"LENNOX","5","=300"
"LUKAS","5","=300"
"MAC","5","=300"
"MARK","5","=300"
"MARSHALL","5","=300"
"MARTIN","5","=300"
"MATIAS","5","=300"
"NICOLAS","5","=300"
"RHYS","5","=300"
"SAGE","5","=300"
"SAINT","5","=300"
"SANTINO","5","=300"
"SHIV","5","=300"
"TEO","5","=300"
"TULLY","5","=300"
"VARDAAN","5","=300"
"VIVAAN","5","=300"
"WESLEY","5","=300"
"ZACH","5","=300"
"ZAYD","5","=300"
"ZEPHYR","5","=300"
"AAYAN","4","=351"
"ADONIS","4","=351"
"ADVIK","4","=351"
"AGAM","4","=351"
"ALESSIO","4","=351"
"ALISTAIR","4","=351"
"ANGELO","4","=351"
"ANHAD","4","=351"
"ATREUS","4","=351"
"AVERY","4","=351"
"AVITAJ","4","=351"
"AVYAN","4","=351"
"AYAN","4","=351"
"AYDEN","4","=351"
"BECKHAM","4","=351"
"BENTLEY","4","=351"
"BJORN","4","=351"
"BOSTON","4","=351"
"BRAYDEN","4","=351"
"BRIAN","4","=351"
"BYRON","4","=351"
"CALLUM","4","=351"
"CALVIN","4","=351"
"CARSON","4","=351"
"CASSIAN","4","=351"
"CHRISTOS","4","=351"
"CILLIAN","4","=351"
"CLANCY","4","=351"
"COLBY","4","=351"
"COLIN","4","=351"
"CREED","4","=351"
"EDISON","4","=351"
"EMANUEL","4","=351"
"FABIAN","4","=351"
"FINLAY","4","=351"
"FRANK","4","=351"
"FRASER","4","=351"
"FRED","4","=351"
"FYNN","4","=351"
"GIANNI","4","=351"
"GIO","4","=351"
"GREYSON","4","=351"
"HIMMAT","4","=351"
"HUSSAIN","4","=351"
"IDRIS","4","=351"
"ILIJA","4","=351"
"ISMAIL","4","=351"
"IVAAN","4","=351"
"JAVIER","4","=351"
"JIMMY","4","=351"
"JYE","4","=351"
"KADE","4","=351"
"KAYCE","4","=351"
"KEANU","4","=351"
"KILLIAN","4","=351"
"KINGSLEY","4","=351"
"KOEN","4","=351"
"KRISHIV","4","=351"
"LANDO","4","=351"
"LANDON","4","=351"
"LAWRENCE","4","=351"
"LEDGER","4","=351"
"LEONIDAS","4","=351"
"MANRAJ","4","=351"
"MAXIMILIAN","4","=351"
"MAXIMUS","4","=351"
"MIKAEL","4","=351"
"MILAN","4","=351"
"MILLER","4","=351"
"MINH","4","=351"
"MOHAMMED","4","=351"
"MORGAN","4","=351"
"MOSES","4","=351"
"NIHAL","4","=351"
"NIRVAIR","4","=351"
"ODIN","4","=351"
"PAUL","4","=351"
"PHILIP","4","=351"
"QUINN","4","=351"
"RAY","4","=351"
"RAYAN","4","=351"
"REEF","4","=351"
"RIAN","4","=351"
"RIO","4","=351"
"RIVAAN","4","=351"
"RUBEN","4","=351"
"RUDRA","4","=351"
"RUSSELL","4","=351"
"RYKER","4","=351"
"RYLEE","4","=351"
"SAM","4","=351"
"SANAD","4","=351"
"SHIA","4","=351"
"SIMON","4","=351"
"STERLING","4","=351"
"SUNNY","4","=351"
"TALON","4","=351"
"TAYLOR","4","=351"
"TREVOR","4","=351"
"WILBUR","4","=351"
"ZACHARIAH","4","=351"
"ZACK","4","=351"
"AAHIL","3","=453"
"ABRAHAM","3","=453"
"ABU","3","=453"
"ADITYA","3","=453"
"AKAAY","3","=453"
"ALEXANDROS","3","=453"
"AMEER","3","=453"
"ANDRE","3","=453"
"ANDREAS","3","=453"
"ARIE","3","=453"
"ARNOLD","3","=453"
"ARTIN","3","=453"
"ARYAN","3","=453"
"AVIN","3","=453"
"AVIRAJ","3","=453"
"AVITAAZ","3","=453"
"AYANSH","3","=453"
"BENNETT","3","=453"
"BRODY","3","=453"
"BRUCE","3","=453"
"BRYCE","3","=453"
"BRYSON","3","=453"
"CADE","3","=453"
"CASPIAN","3","=453"
"CAYDE","3","=453"
"CHRIS","3","=453"
"COLTER","3","=453"
"COLTON","3","=453"
"CONOR","3","=453"
"CORBEN","3","=453"
"CORMAC","3","=453"
"CURTIS","3","=453"
"DANNY","3","=453"
"DANTE","3","=453"
"DEV","3","=453"
"DIEGO","3","=453"
"DILLON","3","=453"
"DOMENICO","3","=453"
"DUSTY","3","=453"
"EASTON","3","=453"
"ERNEST","3","=453"
"FINAN","3","=453"
"FINNLEY","3","=453"
"FOREST","3","=453"
"FOX","3","=453"
"FRANCESCO","3","=453"
"FRANCIS","3","=453"
"GRAHAM","3","=453"
"GRIFFIN","3","=453"
"GURBAAZ","3","=453"
"GURNIWAZ","3","=453"
"GURWARIS","3","=453"
"HARLAN","3","=453"
"HARLEM","3","=453"
"HARTLEY","3","=453"
"HASHIR","3","=453"
"HASSAN","3","=453"
"HAYES","3","=453"
"HUKAM","3","=453"
"ILYAS","3","=453"
"ISHAAN","3","=453"
"ISSA","3","=453"
"IZAIAH","3","=453"
"JASON","3","=453"
"JAYCE","3","=453"
"JOAQUIN","3","=453"
"JOVI","3","=453"
"JUDAH","3","=453"
"JUSTIN","3","=453"
"KADEN","3","=453"
"KIERAN","3","=453"
"KIT","3","=453"
"KODA","3","=453"
"KYRIE","3","=453"
"LACHIE","3","=453"
"LAWSON","3","=453"
"LEONARD","3","=453"
"LLEYTON","3","=453"
"LUIS","3","=453"
"MACKENZIE","3","=453"
"MAKAI","3","=453"
"MALLEE","3","=453"
"MARKO","3","=453"
"MARLO","3","=453"
"MATHIAS","3","=453"
"MAXIM","3","=453"
"MEMPHIS","3","=453"
"MIGUEL","3","=453"
"MOHAMMAD","3","=453"
"MORRIS","3","=453"
"MURPHY","3","=453"
"NAKSH","3","=453"
"NAVID","3","=453"
"NAVY","3","=453"
"NEO","3","=453"
"NIHAAL","3","=453"
"NIRVAAN","3","=453"
"OMAR","3","=453"
"PADDY","3","=453"
"PAXTON","3","=453"
"PHILLIP","3","=453"
"RAGHAV","3","=453"
"RALPH","3","=453"
"RAYDEN","3","=453"
"RAYYAN","3","=453"
"REECE","3","=453"
"REGINALD","3","=453"
"REIGN","3","=453"
"REYAN","3","=453"
"REYANSH","3","=453"
"RICHARD","3","=453"
"RICHIE","3","=453"
"ROBIN","3","=453"
"ROHAN","3","=453"
"ROME","3","=453"
"RYLAND","3","=453"
"SAMAR","3","=453"
"SAMARTH","3","=453"
"SAMYAM","3","=453"
"SCOTT","3","=453"
"SLOANE","3","=453"
"SOHAIL","3","=453"
"SOL","3","=453"
"SOLI","3","=453"
"SRIYANSH","3","=453"
"STANLEY","3","=453"
"STEFAN","3","=453"
"SYLAS","3","=453"
"TEODOR","3","=453"
"TITUS","3","=453"
"VED","3","=453"
"VEDANT","3","=453"
"VINCENZO","3","=453"
"WALKER","3","=453"
"WATSON","3","=453"
"WILL","3","=453"
"WOLFGANG","3","=453"
"WREN","3","=453"
"YAHYA","3","=453"
"YASIN","3","=453"
"YOUSEF","3","=453"
"YUVAAN","3","=453"
"YUVRAJ","3","=453"
"ZAIDEN","3","=453"
"ZAVIYAR","3","=453"
"ZAYAN","3","=453"
"ZAYNE","3","=453"
"AARAV","2","=600"
"AARIT","2","=600"
"AARUSH","2","=600"
"AARYAN","2","=600"
"AAYANSH","2","=600"
"ABBAS","2","=600"
"ADRIEL","2","=600"
"AFFAN","2","=600"
"AIDAN","2","=600"
"AJAY","2","=600"
"AKAAL","2","=600"
"ALAN","2","=600"
"ALASTAIR","2","=600"
"ALIER","2","=600"
"ALVEY","2","=600"
"AMAR","2","=600"
"AMBROSE","2","=600"
"AMIN","2","=600"
"AMOS","2","=600"
"ANWAR","2","=600"
"ANYUON","2","=600"
"APOLLO","2","=600"
"ARCHIBALD","2","=600"
"ARDEN","2","=600"
"AREN","2","=600"
"ARHAM","2","=600"
"ARLEN","2","=600"
"ARLEY","2","=600"
"ARMAN","2","=600"
"ARROW","2","=600"
"ARSHIV","2","=600"
"ARTEMIS","2","=600"
"ARTIE","2","=600"
"ARVIN","2","=600"
"ASH","2","=600"
"ATHARV","2","=600"
"ATREYU","2","=600"
"AUGUSTUS","2","=600"
"AVEER","2","=600"
"AVIR","2","=600"
"AVIRAAJ","2","=600"
"AVITAAJ","2","=600"
"AYHAN","2","=600"
"AYMAN","2","=600"
"AZAIAH","2","=600"
"AZARIAH","2","=600"
"AZIAH","2","=600"
"AZIEL","2","=600"
"AZRIEL","2","=600"
"BARAN","2","=600"
"BASIL","2","=600"
"BELLAMY","2","=600"
"BENEDICT","2","=600"
"BLAIR","2","=600"
"BOBBIE","2","=600"
"BOL","2","=600"
"BOWEN","2","=600"
"BRADY","2","=600"
"BRAX","2","=600"
"BRIXTON","2","=600"
"BROCK","2","=600"
"CADEN","2","=600"
"CAIRO","2","=600"
"CAIUS","2","=600"
"CALLAN","2","=600"
"CARLO","2","=600"
"CARLOS","2","=600"
"CASH","2","=600"
"CASPER","2","=600"
"CASSIUS","2","=600"
"CEDRIC","2","=600"
"CHAD","2","=600"
"CHOL","2","=600"
"CLEMENT","2","=600"
"CLIFFORD","2","=600"
"CLYDE","2","=600"
"CONSTANTINE","2","=600"
"CONSTANTINOS","2","=600"
"CORBIN","2","=600"
"COREY","2","=600"
"DAMON","2","=600"
"DANE","2","=600"
"DARSH","2","=600"
"DEREK","2","=600"
"DESMOND","2","=600"
"DEVANSH","2","=600"
"DEXTER","2","=600"
"DEYAN","2","=600"
"DILAWAR","2","=600"
"DIMITRI","2","=600"
"DIVIT","2","=600"
"DOMANIC","2","=600"
"DOMENIC","2","=600"
"DOMINIK","2","=600"
"DONALD","2","=600"
"DONOVAN","2","=600"
"DOUGIE","2","=600"
"DREW","2","=600"
"DUNCAN","2","=600"
"EBENEZER","2","=600"
"EDWIN","2","=600"
"ELVIS","2","=600"
"ELYAS","2","=600"
"EMILIO","2","=600"
"ENOCH","2","=600"
"ESSA","2","=600"
"EVERETT","2","=600"
"EWAN","2","=600"
"FAIZAN","2","=600"
"FARHAN","2","=600"
"FILIP","2","=600"
"FINNICK","2","=600"
"FORREST","2","=600"
"FRANKY","2","=600"
"FREDERIC","2","=600"
"GEORGIO","2","=600"
"GILBERT","2","=600"
"GIORGIO","2","=600"
"GIUSEPPE","2","=600"
"GORDON","2","=600"
"GURMAN","2","=600"
"GURNAWAB","2","=600"
"GURTAAJ","2","=600"
"GURTAJ","2","=600"
"HAMZAH","2","=600"
"HANK","2","=600"
"HARI","2","=600"
"HARJAAP","2","=600"
"HARJAP","2","=600"
"HARLOW","2","=600"
"HARRIS","2","=600"
"HARTEJ","2","=600"
"HARV","2","=600"
"HECTOR","2","=600"
"HENRI","2","=600"
"HEYANSH","2","=600"
"HISYAM","2","=600"
"HUBERT","2","=600"
"HUON","2","=600"
"IGGY","2","=600"
"ILIAS","2","=600"
"IMAAN","2","=600"
"ISRAEL","2","=600"
"IVOR","2","=600"
"IZAAK","2","=600"
"IZAYAH","2","=600"
"IZIAH","2","=600"
"JACEN","2","=600"
"JAE","2","=600"
"JARNAIL","2","=600"
"JARRAH","2","=600"
"JAYSON","2","=600"
"JEDIDIAH","2","=600"
"JEEVA","2","=600"
"JEFFREY","2","=600"
"JENSON","2","=600"
"JERIAH","2","=600"
"JIM","2","=600"
"JOHANN","2","=600"
"JONAH","2","=600"
"JORAWAR","2","=600"
"JOSEF","2","=600"
"JUSTICE","2","=600"
"KAIRAV","2","=600"
"KANE","2","=600"
"KAREEM","2","=600"
"KARSON","2","=600"
"KARTER","2","=600"
"KENAN","2","=600"
"KEON","2","=600"
"KIYANSH","2","=600"
"KOBI","2","=600"
"KOLTON","2","=600"
"KRISHAL","2","=600"
"KRISHAV","2","=600"
"KRISTIAN","2","=600"
"KYAN","2","=600"
"KYRELL","2","=600"
"KYSON","2","=600"
"LANE","2","=600"
"LARS","2","=600"
"LAURENCE","2","=600"
"LAYNE","2","=600"
"LEANDRO","2","=600"
"LENNON","2","=600"
"LEYTON","2","=600"
"LINKIN","2","=600"
"LOCHIE","2","=600"
"LOUI","2","=600"
"LOUKA","2","=600"
"LUCCA","2","=600"
"LUCIAN","2","=600"
"LUCIANO","2","=600"
"LUCIEN","2","=600"
"LUI","2","=600"
"LYRIC","2","=600"
"MADHAV","2","=600"
"MAHDI","2","=600"
"MALEK","2","=600"
"MANTAJ","2","=600"
"MARCELO","2","=600"
"MARKUS","2","=600"
"MARLON","2","=600"
"MARVIN","2","=600"
"MATTHIAS","2","=600"
"MILANO","2","=600"
"MUSAB","2","=600"
"NABIL","2","=600"
"NAEL","2","=600"
"NAVAAN","2","=600"
"NAYAN","2","=600"
"NEHAN","2","=600"
"NICK","2","=600"
"NIDHAAN","2","=600"
"NIKO","2","=600"
"NIKOLAI","2","=600"
"NIRBAAN","2","=600"
"NIVAN","2","=600"
"NIXON","2","=600"
"NOEL","2","=600"
"NOYAN","2","=600"
"NYLE","2","=600"
"OLI","2","=600"
"ORION","2","=600"
"ORSON","2","=600"
"OSMAN","2","=600"
"OSTEN","2","=600"
"OZIAS","2","=600"
"PEDRO","2","=600"
"PERCIVAL","2","=600"
"PRANITH","2","=600"
"PRASHIV","2","=600"
"PRESTON","2","=600"
"PRIYANSH","2","=600"
"QASIM","2","=600"
"RAFA","2","=600"
"RANINDER","2","=600"
"RAWIRI","2","=600"
"RAYMOND","2","=600"
"REID","2","=600"
"REMMY","2","=600"
"RENN","2","=600"
"REX","2","=600"
"RHETT","2","=600"
"RICKY","2","=600"
"RIHAAN","2","=600"
"RION","2","=600"
"RISHAAN","2","=600"
"ROBERTO","2","=600"
"ROCKY","2","=600"
"RONALD","2","=600"
"RONIN","2","=600"
"RONNY","2","=600"
"ROYCE","2","=600"
"RUDRANSH","2","=600"
"RUDY","2","=600"
"SAIGE","2","=600"
"SALAR","2","=600"
"SAMRAT","2","=600"
"SAVERIO","2","=600"
"SAWYER","2","=600"
"SAXON","2","=600"
"SEBASTIANO","2","=600"
"SETH","2","=600"
"SHAHMEER","2","=600"
"SHANE","2","=600"
"SHAYAN","2","=600"
"SHEHBAAZ","2","=600"
"SHEPHERD","2","=600"
"SHILOH","2","=600"
"SHLOK","2","=600"
"SHRIYAN","2","=600"
"SHUBMAN","2","=600"
"SID","2","=600"
"SINA","2","=600"
"SIRAJ","2","=600"
"SKYLER","2","=600"
"SULLY","2","=600"
"TADHG","2","=600"
"TAHA","2","=600"
"TANISH","2","=600"
"TARIQ","2","=600"
"TEGHVEER","2","=600"
"TEVITA","2","=600"
"THIAGO","2","=600"
"THIEN","2","=600"
"TOMAS","2","=600"
"TRISTAN","2","=600"
"TROY","2","=600"
"TY","2","=600"
"TYRON","2","=600"
"TYRONE","2","=600"
"VAN","2","=600"
"VICTOR","2","=600"
"VIHAAN","2","=600"
"VIRAJ","2","=600"
"VYOUM","2","=600"
"WALLY","2","=600"
"WINDSOR","2","=600"
"WOODROW","2","=600"
"YASIR","2","=600"
"YAZAN","2","=600"
"YUVANSH","2","=600"
"ZAC","2","=600"
"ZADE","2","=600"
"ZAKAI","2","=600"
"ZAKARIAH","2","=600"
"ZAKARIYA","2","=600"
"ZAYAAN","2","=600"
"ZAYLEN","2","=600"
"ZEBEDEE","2","=600"
"ZIAH","2","=600"
"AADHI","1","=912"
"AADHIREN","1","=912"
"AADHISH","1","=912"
"AADHVAN","1","=912"
"AADIR","1","=912"
"AADISH","1","=912"
"AADITYA","1","=912"
"AAGAT","1","=912"
"AAGAZ","1","=912"
"AAHAN","1","=912"
"AAIDYN","1","=912"
"AALAYAN","1","=912"
"AALIYAN","1","=912"
"AAMIR","1","=912"
"AARIQ","1","=912"
"AARIZ","1","=912"
"AASHUTOSH","1","=912"
"AATHITHYEN","1","=912"
"AAVASH","1","=912"
"AAVI","1","=912"
"AAVYAAN","1","=912"
"AAWYD","1","=912"
"ABASIEDI-IMA","1","=912"
"ABDUL","1","=912"
"ABDULLATIF","1","=912"
"ABDULRAHMAN","1","=912"
"ABHIJEET","1","=912"
"ABHIR","1","=912"
"ABIR","1","=912"
"ABNER","1","=912"
"ABUBAKAR","1","=912"
"ACESON","1","=912"
"ADABDEEP","1","=912"
"ADDISON","1","=912"
"ADEEB","1","=912"
"ADEEN","1","=912"
"ADEN","1","=912"
"ADHIRAJ","1","=912"
"ADLER","1","=912"
"ADLEY","1","=912"
"ADON","1","=912"
"ADONAIZI","1","=912"
"ADONIAS","1","=912"
"ADRIN","1","=912"
"ADVAIT","1","=912"
"ADVAY","1","=912"
"ADVEEK","1","=912"
"ADVICK","1","=912"
"ADWAIT","1","=912"
"AERAJ","1","=912"
"AFOLABI","1","=912"
"AGAMINDER","1","=912"
"AGAMJOT","1","=912"
"AGASTYA","1","=912"
"AGUER","1","=912"
"AGUSTYA","1","=912"
"AHERLOW","1","=912"
"AHMAD","1","=912"
"AHMED","1","=912"
"AHRA","1","=912"
"AHSAN","1","=912"
"AIMAN","1","=912"
"AIVARS","1","=912"
"AIVEN","1","=912"
"AIZEN","1","=912"
"AJEET","1","=912"
"AJIL","1","=912"
"AJRAWAR","1","=912"
"AJU","1","=912"
"AKETH","1","=912"
"AKHANDDEEP","1","=912"
"AKIHITO","1","=912"
"AKOI","1","=912"
"AKOON","1","=912"
"AKSHIV","1","=912"
"AKUDZWE","1","=912"
"AKUEIN","1","=912"
"AL","1","=912"
"ALAKAI","1","=912"
"ALAKHAII","1","=912"
"ALARIC","1","=912"
"ALASDAIR","1","=912"
"ALASTER","1","=912"
"ALAZAR","1","=912"
"ALBEE","1","=912"
"ALDIN","1","=912"
"ALEKAI","1","=912"
"ALEKSANDAR","1","=912"
"ALEKSEY","1","=912"
"ALEKSI","1","=912"
"ALEKSIJE","1","=912"
"ALESSI","1","=912"
"ALEXEI","1","=912"
"ALEXY","1","=912"
"ALHAJI","1","=912"
"ALINOTI","1","=912"
"ALIYAN","1","=912"
"ALIZAE","1","=912"
"ALSTON","1","=912"
"ALULA","1","=912"
"ALVAN","1","=912"
"ALVI","1","=912"
"ALVIN","1","=912"
"ALVISE","1","=912"
"ALWISH","1","=912"
"ALYAS","1","=912"
"AMAN","1","=912"
"AMANI","1","=912"
"AMARE","1","=912"
"AMAY","1","=912"
"AMAZIAH","1","=912"
"AMIAS","1","=912"
"AMIEL","1","=912"
"AMIRI","1","=912"
"AMMAR","1","=912"
"AMMONIHAH","1","=912"
"AMRIT","1","=912"
"ANAAD","1","=912"
"ANAHAD","1","=912"
"ANAKIN","1","=912"
"ANANDBIR","1","=912"
"ANANT","1","=912"
"ANANTH","1","=912"
"ANAS","1","=912"
"ANASTASI","1","=912"
"ANDERS","1","=912"
"ANDERSON","1","=912"
"ANDHREI","1","=912"
"ANDREA","1","=912"
"ANEJ","1","=912"
"ANGEL","1","=912"
"ANHADPREET","1","=912"
"ANIRUDDHA","1","=912"
"ANISH","1","=912"
"ANIV","1","=912"
"ANSHDEEP","1","=912"
"ANSON","1","=912"
"ANTONI-JAMES","1","=912"
"ANTONY","1","=912"
"ANVIK","1","=912"
"APENISA","1","=912"
"APOSTOLI","1","=912"
"AQUILA","1","=912"
"ARAJDEEP","1","=912"
"ARAPETI","1","=912"
"ARASH","1","=912"
"ARATHORN","1","=912"
"ARBAAZ","1","=912"
"ARBAB","1","=912"
"ARDN","1","=912"
"ARES","1","=912"
"ARHAAB","1","=912"
"ARHIT","1","=912"
"ARIAN","1","=912"
"ARICH","1","=912"
"ARIEL","1","=912"
"ARIN","1","=912"
"ARISTIDES","1","=912"
"ARIYAAN","1","=912"
"ARKADIUS","1","=912"
"ARKAN","1","=912"
"ARLEE","1","=912"
"ARLO-JAMES","1","=912"
"ARMAANVEER","1","=912"
"ARMANI","1","=912"
"ARMINIUS","1","=912"
"ARNAV","1","=912"
"ARNE","1","=912"
"ARNIE","1","=912"
"ARNO","1","=912"
"ARSALAN","1","=912"
"ARSAM","1","=912"
"ARSYAKA","1","=912"
"ARTAN","1","=912"
"ARTYOM","1","=912"
"ARUJ","1","=912"
"ARUSH","1","=912"
"ARVI","1","=912"
"ARVID","1","=912"
"ARVIK","1","=912"
"ARWYN","1","=912"
"ARYA","1","=912"
"ARYAAN","1","=912"
"ARYAS","1","=912"
"ARYAV","1","=912"
"ASA","1","=912"
"ASGHAR","1","=912"
"ASHBY","1","=912"
"ASHE","1","=912"
"ASHLEY","1","=912"
"ASHRAF","1","=912"
"ASHRAFF","1","=912"
"ASHTAR","1","=912"
"ASHTEN","1","=912"
"ASHTON-ZANDER","1","=912"
"ASHVIN","1","=912"
"ASHVIR","1","=912"
"ASHWIN","1","=912"
"ASIMAKIS","1","=912"
"ASIYAH","1","=912"
"ASRIEL","1","=912"
"ASTOR","1","=912"
"ATHANASIOS","1","=912"
"ATILLIO","1","=912"
"ATTILIO","1","=912"
"AUBREY","1","=912"
"AUDEN","1","=912"
"AUDIE","1","=912"
"AUGUSTE","1","=912"
"AUGUSTIN","1","=912"
"AUGUSTINE","1","=912"
"AURELIO","1","=912"
"AUREN","1","=912"
"AURIC","1","=912"
"AUSTEN","1","=912"
"AVINPREET","1","=912"
"AVITEGH","1","=912"
"AVIV","1","=912"
"AVYAY","1","=912"
"AXLE","1","=912"
"AXTON","1","=912"
"AXYL","1","=912"
"AYAANSH","1","=912"
"AYAZ","1","=912"
"AYDIN","1","=912"
"AYLMER","1","=912"
"AYOMIDE","1","=912"
"AYUEN","1","=912"
"AYZEN","1","=912"
"AZAAD","1","=912"
"AZAI","1","=912"
"AZAN","1","=912"
"AZD","1","=912"
"AZEKIEL","1","=912"
"AZRAEL","1","=912"
"AZVAN","1","=912"
"BAHRAAM","1","=912"
"BAIR","1","=912"
"BAKR","1","=912"
"BALRAM","1","=912"
"BAMBAM","1","=912"
"BARNABY","1","=912"
"BARRETT","1","=912"
"BARTHOLOMEW","1","=912"
"BASIM","1","=912"
"BASTION","1","=912"
"BAWIPEK","1","=912"
"BAYLAN","1","=912"
"BAYLEY","1","=912"
"BEAR","1","=912"
"BEAUDEN","1","=912"
"BECKETT","1","=912"
"BEHZAAD","1","=912"
"BEHZAD","1","=912"
"BEN","1","=912"
"BENAIAH","1","=912"
"BENNY","1","=912"
"BENSAAN","1","=912"
"BENSON","1","=912"
"BENYAMIN","1","=912"
"BEREN","1","=912"
"BERNARDO","1","=912"
"BERNIE","1","=912"
"BEXLEY","1","=912"
"BIAK","1","=912"
"BIAKTHAWNG","1","=912"
"BIANSH","1","=912"
"BIBHAN","1","=912"
"BILAL","1","=912"
"BILLIE","1","=912"
"BIVINDEV","1","=912"
"BLAINE","1","=912"
"BLAYZE","1","=912"
"BLESSING","1","=912"
"BLUEM","1","=912"
"BO","1","=912"
"BODEN","1","=912"
"BODEY","1","=912"
"BODI","1","=912"
"BOE","1","=912"
"BOHDEN","1","=912"
"BOOTH","1","=912"
"BORRICE","1","=912"
"BOWY","1","=912"
"BOYDE","1","=912"
"BRAE","1","=912"
"BRAIDY","1","=912"
"BRAXSTON","1","=912"
"BRENO","1","=912"
"BRENTON","1","=912"
"BREWER","1","=912"
"BRIJESH","1","=912"
"BRILEN","1","=912"
"BRODAN","1","=912"
"BRONNY","1","=912"
"BRONX","1","=912"
"BRUNY","1","=912"
"BRYAN","1","=912"
"BRYNN","1","=912"
"BUDDY","1","=912"
"BUL","1","=912"
"BURUK","1","=912"
"CADEL","1","=912"
"CAELEB","1","=912"
"CAELUM","1","=912"
"CAHIL","1","=912"
"CAIDEN","1","=912"
"CALIHAN","1","=912"
"CALIN","1","=912"
"CALON","1","=912"
"CAMPBELL","1","=912"
"CAMRON","1","=912"
"CAREY","1","=912"
"CARMELO","1","=912"
"CARMINE","1","=912"
"CARTER-JAMES","1","=912"
"CASHTON","1","=912"
"CASPEN","1","=912"
"CASS","1","=912"
"CAVALLARO","1","=912"
"CAYLEN","1","=912"
"CEJAY","1","=912"
"CEU","1","=912"
"CHADWICK","1","=912"
"CHAISE","1","=912"
"CHANCE","1","=912"
"CHANDLER","1","=912"
"CHANN","1","=912"
"CHARAN","1","=912"
"CHARLEIGH","1","=912"
"CHARVIK","1","=912"
"CHENEN","1","=912"
"CHENGZE","1","=912"
"CHERISH","1","=912"
"CHEVVY","1","=912"
"CHINGUUN","1","=912"
"CHRISANDER","1","=912"
"CHRISTO","1","=912"
"CHRISTOPHE","1","=912"
"CHUAN","1","=912"
"CHUT","1","=912"
"CIAN","1","=912"
"CIARAN","1","=912"
"CIRO","1","=912"
"CLARENCE","1","=912"
"CLARK","1","=912"
"CLAUDE","1","=912"
"CLAY","1","=912"
"CLAYTON","1","=912"
"CLIFF","1","=912"
"CLOUD","1","=912"
"COBI","1","=912"
"COBY","1","=912"
"CODYN","1","=912"
"COEN","1","=912"
"COHAN","1","=912"
"CONALL","1","=912"
"CORAN","1","=912"
"CORIE","1","=912"
"CORMACK","1","=912"
"CORTEZ","1","=912"
"COSTAH","1","=912"
"COUGAN","1","=912"
"CRAIG","1","=912"
"CREW","1","=912"
"CROSS","1","=912"
"CRUIZ","1","=912"
"CULVER","1","=912"
"CYPRIAN","1","=912"
"DAEGAN","1","=912"
"DAGEM","1","=912"
"DAIVIK","1","=912"
"DAKODA","1","=912"
"DAKOTA","1","=912"
"DAKSH","1","=912"
"DALLAN","1","=912"
"DALTON-JAY","1","=912"
"DALY","1","=912"
"DAMIAN","1","=912"
"DAMIANO","1","=912"
"DAMIEN","1","=912"
"DANTY","1","=912"
"DANUEL","1","=912"
"DARBY","1","=912"
"DARIAN","1","=912"
"DARIUS","1","=912"
"DARRAGH","1","=912"
"DASH","1","=912"
"DASTAN","1","=912"
"DAT","1","=912"
"DAUD","1","=912"
"DAVEY","1","=912"
"DAVI","1","=912"
"DAWID","1","=912"
"DAYBURRYUN","1","=912"
"DAYNE","1","=912"
"DECHENG","1","=912"
"DEEKAN","1","=912"
"DEENOBONDHU","1","=912"
"DEKLAN","1","=912"
"DEMETRIOS","1","=912"
"DENG","1","=912"
"DENNIS","1","=912"
"DENNYSON","1","=912"
"DENVER","1","=912"
"DENZEL","1","=912"
"DENZI","1","=912"
"DEO","1","=912"
"DEON","1","=912"
"DERRICK","1","=912"
"DESHANE","1","=912"
"DETON'E","1","=912"
"DEVARSH","1","=912"
"DEVE","1","=912"
"DEVIN","1","=912"
"DEVLIN","1","=912"
"DHANISH","1","=912"
"DHANVIN","1","=912"
"DHRUV","1","=912"
"DHYAAN","1","=912"
"DHYUTH","1","=912"
"DIDIER","1","=912"
"DIEU","1","=912"
"DIEUDONE","1","=912"
"DIHAN","1","=912"
"DILAN","1","=912"
"DIMILLO","1","=912"
"DIMIRI","1","=912"
"DIONDRE","1","=912"
"DIPAK","1","=912"
"DIVIJ","1","=912"
"DIVYAM","1","=912"
"DIVYAN","1","=912"
"DIVYANSH","1","=912"
"DIYAN","1","=912"
"DJERA","1","=912"
"DMITRI","1","=912"
"DONATO","1","=912"
"DONTE","1","=912"
"DORIAN","1","=912"
"DRE","1","=912"
"DUCKLING","1","=912"
"DUKE","1","=912"
"DUNE","1","=912"
"DURANCE","1","=912"
"DUSAN","1","=912"
"DVIJ","1","=912"
"DWIJ","1","=912"
"EACHAN","1","=912"
"EAMONN","1","=912"
"EANN","1","=912"
"EASON","1","=912"
"EASTYN","1","=912"
"ECKO","1","=912"
"EDDISON","1","=912"
"EDDY","1","=912"
"EDEN","1","=912"
"EDGAR","1","=912"
"EDMUND","1","=912"
"EDUARDO","1","=912"
"EESA","1","=912"
"EFRAIM","1","=912"
"EFTAH","1","=912"
"EHIMEN","1","=912"
"EHSANI","1","=912"
"EIKO","1","=912"
"EITO","1","=912"
"EKAM","1","=912"
"EKAMDEEP","1","=912"
"EKAS","1","=912"
"EKJOT","1","=912"
"EKKAM","1","=912"
"ELEJAH","1","=912"
"ELIA","1","=912"
"ELIAH","1","=912"
"ELIAKIM","1","=912"
"ELIAM","1","=912"
"ELIOR","1","=912"
"ELIOT","1","=912"
"ELIYAS","1","=912"
"ELLIAN","1","=912"
"ELMEDIN","1","=912"
"ELON","1","=912"
"ELSON","1","=912"
"ELTON","1","=912"
"ELZIN","1","=912"
"EMAADUDDIN","1","=912"
"EMAANVIR","1","=912"
"EMAD","1","=912"
"EME","1","=912"
"EMILE","1","=912"
"EMORY","1","=912"
"EMREE","1","=912"
"ENDEAVOUR","1","=912"
"ENEKO","1","=912"
"ENKI","1","=912"
"ENRIQUE","1","=912"
"ENRY","1","=912"
"ERBIR","1","=912"
"ERDEN","1","=912"
"EREN","1","=912"
"ERWIN","1","=912"
"ESAAD","1","=912"
"ESHAN","1","=912"
"ESKA","1","=912"
"ESPEN","1","=912"
"ESROM","1","=912"
"ETIENNE","1","=912"
"EUAN","1","=912"
"EUGENE","1","=912"
"EUKALITI","1","=912"
"EVANDER","1","=912"
"EVANGELOS","1","=912"
"EVANIO","1","=912"
"EVERSON","1","=912"
"EYAEL","1","=912"
"EYAN","1","=912"
"EYTHAN","1","=912"
"EZRYN","1","=912"
"EZZ","1","=912"
"FAHAN","1","=912"
"FAISAL","1","=912"
"FAIZULLAH","1","=912"
"FARAJA","1","=912"
"FARIS","1","=912"
"FARISH","1","=912"
"FARRIN","1","=912"
"FARZAND","1","=912"
"FATEHJOT","1","=912"
"FATEHPARTAP","1","=912"
"FAUSTINO","1","=912"
"FAYZAN","1","=912"
"FENN","1","=912"
"FENTON","1","=912"
"FERN","1","=912"
"FINEAS","1","=912"
"FINNIGAN","1","=912"
"FLORIAN","1","=912"
"FLOYD","1","=912"
"FOSTER","1","=912"
"FRANCISCO","1","=912"
"FRANCO","1","=912"
"FREDDY","1","=912"
"FREDERIK","1","=912"
"FREDRICK","1","=912"
"FURMAAN","1","=912"
"FYNNEGAN","1","=912"
"GABLE","1","=912"
"GABRIELE","1","=912"
"GARION","1","=912"
"GARRICK","1","=912"
"GARY","1","=912"
"GAVIK","1","=912"
"GAVIN","1","=912"
"GAVINDEEP","1","=912"
"GEDEON","1","=912"
"GENE","1","=912"
"GEO","1","=912"
"GERMAIN","1","=912"
"GHAITH","1","=912"
"GHAZI","1","=912"
"GIACOMO","1","=912"
"GIANLUCA","1","=912"
"GIANNIS","1","=912"
"GILMORE","1","=912"
"GIORDANO","1","=912"
"GIORGIOS","1","=912"
"GIULIO","1","=912"
"GOASA","1","=912"
"GOH","1","=912"
"GRAEME","1","=912"
"GRANTH","1","=912"
"GRAY","1","=912"
"GRAYSON-JOHN","1","=912"
"GRAYSON-ROY","1","=912"
"GRIFFITHS","1","=912"
"GRYFFIN","1","=912"
"GUNNAR","1","=912"
"GUNTAS","1","=912"
"GURAVITAJ","1","=912"
"GURBAAJ","1","=912"
"GURBAJ","1","=912"
"GURDIT","1","=912"
"GURFARIYAD","1","=912"
"GURFARZAND","1","=912"
"GURJASS","1","=912"
"GURNIDHAN","1","=912"
"GURNIHAL","1","=912"
"GURTEG","1","=912"
"GURUJAAP","1","=912"
"GUTS","1","=912"
"HAAKAM","1","=912"
"HAAN","1","=912"
"HADEN","1","=912"
"HADI","1","=912"
"HAISAM","1","=912"
"HAKAM","1","=912"
"HALSTEIN","1","=912"
"HALSTON","1","=912"
"HAMDAN","1","=912"
"HAMID","1","=912"
"HAMILTON","1","=912"
"HAMIN","1","=912"
"HAMMAD","1","=912"
"HANANIAH","1","=912"
"HANISH","1","=912"
"HANZHANG","1","=912"
"HANZI","1","=912"
"HARDIN","1","=912"
"HARDY","1","=912"
"HARES","1","=912"
"HARFJOT","1","=912"
"HARITH","1","=912"
"HARLAND","1","=912"
"HARLEN","1","=912"
"HARLIV","1","=912"
"HARLYN","1","=912"
"HARMAN","1","=912"
"HARNAV","1","=912"
"HARNIDH","1","=912"
"HAROLD","1","=912"
"HARRI","1","=912"
"HARRIMON","1","=912"
"HARSAM","1","=912"
"HARSH","1","=912"
"HARSHIV","1","=912"
"HARVEE","1","=912"
"HARVIE","1","=912"
"HARVIN","1","=912"
"HASNAIN","1","=912"
"HASSAM","1","=912"
"HAWK","1","=912"
"HAYAN","1","=912"
"HAYSHUN","1","=912"
"HAYTHAM","1","=912"
"HAYZE","1","=912"
"HAZE","1","=912"
"HAZEM","1","=912"
"HAZOOR","1","=912"
"HEAVEN","1","=912"
"HELIOS","1","=912"
"HEMI","1","=912"
"HEMINGWAY","1","=912"
"HENCO","1","=912"
"HENDRICK","1","=912"
"HENDRIK","1","=912"
"HENDY","1","=912"
"HENRIK","1","=912"
"HERBERT","1","=912"
"HESAM","1","=912"
"HIRAV","1","=912"
"HITANSH","1","=912"
"HIYAAN","1","=912"
"HIYAN","1","=912"
"HIYANSH","1","=912"
"HOJAT","1","=912"
"HONESH","1","=912"
"HONG","1","=912"
"HORATIO","1","=912"
"HOUSTON","1","=912"
"HOZAN","1","=912"
"HRIHAAN","1","=912"
"HRISHIKESH","1","=912"
"HRIVAN","1","=912"
"HUDLEY","1","=912"
"HUDSON-JAMES","1","=912"
"HUNG","1","=912"
"HUNTAH","1","=912"
"HUNTLEY","1","=912"
"HUTSON","1","=912"
"HUX","1","=912"
"HUXLEE","1","=912"
"HYLAND","1","=912"
"IDREES","1","=912"
"IFEOLUWA","1","=912"
"IGNATIUS","1","=912"
"IHAIA","1","=912"
"IKE","1","=912"
"IKJEET","1","=912"
"ILAI","1","=912"
"ILAKKIYAN","1","=912"
"ILLIAS","1","=912"
"ILYA","1","=912"
"IMAANVEER","1","=912"
"IMAD","1","=912"
"IMANUELI","1","=912"
"INDARJOT","1","=912"
"INDI","1","=912"
"INEZAYIMANA","1","=912"
"IOMHAR","1","=912"
"IOREK","1","=912"
"IRA","1","=912"
"IREMIDE","1","=912"
"IRETIDE","1","=912"
"IRIDIAN","1","=912"
"ISAAK","1","=912"
"ISAC","1","=912"
"ISHAN","1","=912"
"ISHAR","1","=912"
"ISHIV","1","=912"
"ISMAEEL","1","=912"
"ISMAEL","1","=912"
"ISSAC","1","=912"
"ISSAIH","1","=912"
"IVANO","1","=912"
"IVANSH","1","=912"
"IVYAAN","1","=912"
"IZAAC","1","=912"
"IZAAN","1","=912"
"IZAC","1","=912"
"IZAK","1","=912"
"J'ZIAS","1","=912"
"JA'KOAH","1","=912"
"JABAL","1","=912"
"JABARI","1","=912"
"JACCOB","1","=912"
"JACKY","1","=912"
"JACOBUS","1","=912"
"JADE","1","=912"
"JADSON","1","=912"
"JAEL","1","=912"
"JAGFATEH","1","=912"
"JAGGA","1","=912"
"JAGRAJ","1","=912"
"JAH","1","=912"
"JAHAAN","1","=912"
"JAHKAYLEN","1","=912"
"JAHZARDE","1","=912"
"JAIA","1","=912"
"JAIDE","1","=912"
"JAIKAAR","1","=912"
"JAIKRISH","1","=912"
"JAINIL","1","=912"
"JAITEGH","1","=912"
"JAITRA","1","=912"
"JAIVIK","1","=912"
"JAIYDEN","1","=912"
"JAIYUSH","1","=912"
"JAKIDEN","1","=912"
"JAKIYAH","1","=912"
"JAKOAH","1","=912"
"JAKOB","1","=912"
"JAKSH","1","=912"
"JAKUB","1","=912"
"JAMESON","1","=912"
"JAMIN","1","=912"
"JAMISON","1","=912"
"JANISH","1","=912"
"JANSEN","1","=912"
"JAPDEEP","1","=912"
"JAPRAAJ","1","=912"
"JAQUADEN","1","=912"
"JAQUAN","1","=912"
"JARED","1","=912"
"JARRAR","1","=912"
"JARRED","1","=912"
"JARROD","1","=912"
"JARRYD","1","=912"
"JASAII","1","=912"
"JASE","1","=912"
"JASH","1","=912"
"JASHA","1","=912"
"JASHAN","1","=912"
"JASIAH","1","=912"
"JASKA","1","=912"
"JASKO","1","=912"
"JASNOOR","1","=912"
"JASON-LUKE","1","=912"
"JASPAH","1","=912"
"JASPAR","1","=912"
"JASPER-LEE","1","=912"
"JASRAJ","1","=912"
"JAVAN","1","=912"
"JAVARI","1","=912"
"JAVION","1","=912"
"JAVON","1","=912"
"JAXTYN","1","=912"
"JAXXON","1","=912"
"JAYCOB","1","=912"
"JAYDYN","1","=912"
"JAYTEG","1","=912"
"JAYVARDHANSINH","1","=912"
"JAYVEN","1","=912"
"JEAN","1","=912"
"JEB","1","=912"
"JEDD","1","=912"
"JEDEDIAH","1","=912"
"JEDIAH","1","=912"
"JEDREK","1","=912"
"JEEWANJOT","1","=912"
"JEFF","1","=912"
"JELMERRA","1","=912"
"JERICHO","1","=912"
"JERIEL","1","=912"
"JERMAINE","1","=912"
"JERRONE","1","=912"
"JESPER","1","=912"
"JEVAUN","1","=912"
"JEVIN","1","=912"
"JHAI","1","=912"
"JIAHAN","1","=912"
"JIAHAO","1","=912"
"JIALIANG","1","=912"
"JIBREEL","1","=912"
"JIDENNA","1","=912"
"JINANSH","1","=912"
"JINGCHEN","1","=912"
"JINGYAN","1","=912"
"JINYI","1","=912"
"JISU","1","=912"
"JIVANSH","1","=912"
"JIVASEES","1","=912"
"JJ","1","=912"
"JOASH","1","=912"
"JOCK","1","=912"
"JODHBIR","1","=912"
"JOE","1","=912"
"JOEL","1","=912"
"JOHAKIM","1","=912"
"JONAS","1","=912"
"JONATHON","1","=912"
"JORDY","1","=912"
"JOSH","1","=912"
"JOUD","1","=912"
"JOVAWN","1","=912"
"JOY","1","=912"
"JUGAAD","1","=912"
"JUGAADH","1","=912"
"JUGRAJ","1","=912"
"JUJHAR","1","=912"
"JUNGFATEH","1","=912"
"JUNIOR","1","=912"
"JUNZEN","1","=912"
"JUPITER","1","=912"
"JUR","1","=912"
"JY'TAI","1","=912"
"KA","1","=912"
"KAABAL","1","=912"
"KAABIL","1","=912"
"KAAYESH","1","=912"
"KABIL","1","=912"
"KACEY","1","=912"
"KAELAN","1","=912"
"KAELAS","1","=912"
"KAHAAN","1","=912"
"KAI-MICHEAL","1","=912"
"KAIDYN","1","=912"
"KAII","1","=912"
"KAIMING","1","=912"
"KAIRO","1","=912"
"KAIRUS-MICHAEL","1","=912"
"KAISER","1","=912"
"KAIYAN","1","=912"
"KAIYLEN","1","=912"
"KAIZEN","1","=912"
"KALIX","1","=912"
"KALLEL","1","=912"
"KAMARI","1","=912"
"KANAN","1","=912"
"KANAV","1","=912"
"KANISH","1","=912"
"KANZ","1","=912"
"KAPTAN","1","=912"
"KARANJIT","1","=912"
"KARIM","1","=912"
"KARMAN","1","=912"
"KARTAH","1","=912"
"KARTAR","1","=912"
"KASEN","1","=912"
"KASEY","1","=912"
"KASH","1","=912"
"KASIUS","1","=912"
"KAVIRAZ","1","=912"
"KAWHI","1","=912"
"KAYCE-JAMES","1","=912"
"KAYCEE","1","=912"
"KAYDON","1","=912"
"KAYEMDEE","1","=912"
"KAYLEN","1","=912"
"KAYNEN","1","=912"
"KAZAIAH","1","=912"
"KAZI","1","=912"
"KAZIM","1","=912"
"KEALYN","1","=912"
"KEATEN","1","=912"
"KEDAR","1","=912"
"KEENAN","1","=912"
"KEIZER","1","=912"
"KENAI","1","=912"
"KENENNA","1","=912"
"KENGARZAA","1","=912"
"KENNEDY","1","=912"
"KENZY","1","=912"
"KESARPAL","1","=912"
"KESHAV","1","=912"
"KESTER","1","=912"
"KEV-VINNCINT","1","=912"
"KEVAUGHN","1","=912"
"KEYHAN","1","=912"
"KHAIDEN-LEE","1","=912"
"KHAILIJAH-JAMES","1","=912"
"KHALID","1","=912"
"KHALIL","1","=912"
"KHAMAI","1","=912"
"KHAOS-JOHN","1","=912"
"KHELIJAH","1","=912"
"KHIEM","1","=912"
"KHOA","1","=912"
"KHOBIE","1","=912"
"KHOI","1","=912"
"KHRISTOPHER","1","=912"
"KHUSH","1","=912"
"KHYAAN","1","=912"
"KIDUS","1","=912"
"KINGSLEIGH-CREED","1","=912"
"KINGSTON","1","=912"
"KIP","1","=912"
"KIPP","1","=912"
"KIYAAN","1","=912"
"KIYAN","1","=912"
"KIYRIN","1","=912"
"KLHOU","1","=912"
"KLIMENT","1","=912"
"KNOX","1","=912"
"KNYTE","1","=912"
"KOAST","1","=912"
"KOBIE","1","=912"
"KOHAKU","1","=912"
"KOHENOOR","1","=912"
"KOHITATEA","1","=912"
"KOL","1","=912"
"KOLE","1","=912"
"KOLSEN","1","=912"
"KOLTER","1","=912"
"KONTHAWARDANA","1","=912"
"KOSTA","1","=912"
"KRISHNA","1","=912"
"KRISTOPHER","1","=912"
"KRITAN","1","=912"
"KRITHIK","1","=912"
"KRUZE","1","=912"
"KUCH","1","=912"
"KUEK","1","=912"
"KULTAR","1","=912"
"KUMAYL","1","=912"
"KUNWAR","1","=912"
"KUOL","1","=912"
"KUOT","1","=912"
"KURBAAN","1","=912"
"KYDON","1","=912"
"KYE","1","=912"
"KYI","1","=912"
"KYIA","1","=912"
"KYLAN","1","=912"
"KYLE","1","=912"
"KYLEN","1","=912"
"KYLER","1","=912"
"KYLO","1","=912"
"KYMIAN","1","=912"
"KYREE","1","=912"
"KYREECE","1","=912"
"KYRON","1","=912"
"KYZELL","1","=912"
"L-JAY","1","=912"
"LABROYN","1","=912"
"LACHLANN","1","=912"
"LACHY","1","=912"
"LACINA","1","=912"
"LAIKA","1","=912"
"LAIKEN","1","=912"
"LAIKHYN","1","=912"
"LAIKYN","1","=912"
"LAITEN","1","=912"
"LAJON","1","=912"
"LAKYN","1","=912"
"LAM","1","=912"
"LANCE","1","=912"
"LANDEN","1","=912"
"LANDYN","1","=912"
"LASZLO","1","=912"
"LATRELLE","1","=912"
"LAURIE","1","=912"
"LAVIE","1","=912"
"LAVIT","1","=912"
"LAWLESS","1","=912"
"LAYKN","1","=912"
"LAYTH","1","=912"
"LECI","1","=912"
"LEEHANG","1","=912"
"LEIF","1","=912"
"LEIGH","1","=912"
"LEITHAN","1","=912"
"LENNI","1","=912"
"LENNIE","1","=912"
"LENNIX","1","=912"
"LEOH","1","=912"
"LEVY","1","=912"
"LEWIN","1","=912"
"LIEFER","1","=912"
"LIHO","1","=912"
"LIJAH","1","=912"
"LIJESH","1","=912"
"LIKHITH","1","=912"
"LINDEN","1","=912"
"LINK","1","=912"
"LIONEL","1","=912"
"LITJA","1","=912"
"LITO","1","=912"
"LIVAAN","1","=912"
"LLAYTON","1","=912"
"LLEWYN","1","=912"
"LLOYD","1","=912"
"LOCHLAN","1","=912"
"LOCKIE","1","=912"
"LOGANN","1","=912"
"LOK","1","=912"
"LOMANI","1","=912"
"LORCAN","1","=912"
"LOVELL","1","=912"
"LUC","1","=912"
"LUCIUS","1","=912"
"LUKAH-KHY","1","=912"
"LUKER","1","=912"
"LUKUS","1","=912"
"LUQA","1","=912"
"LUT","1","=912"
"LUTHER","1","=912"
"LYRIK","1","=912"
"LYSANDER","1","=912"
"MAALO","1","=912"
"MAALU","1","=912"
"MAAZ","1","=912"
"MACKAY","1","=912"
"MACRAE","1","=912"
"MADDIX","1","=912"
"MADDOX","1","=912"
"MAGNUS","1","=912"
"MAHEEM","1","=912"
"MAHER","1","=912"
"MAHLI","1","=912"
"MAIRAV","1","=912"
"MAJD","1","=912"
"MAKASHA","1","=912"
"MAKSIM","1","=912"
"MAKSYMILIAN","1","=912"
"MALAKHAI","1","=912"
"MALAKHI","1","=912"
"MALKA","1","=912"
"MALO","1","=912"
"MANAIA","1","=912"
"MANAN","1","=912"
"MANASSEH","1","=912"
"MANASV","1","=912"
"MANDRAKE","1","=912"
"MANHAS","1","=912"
"MANKIRAT","1","=912"
"MANNING","1","=912"
"MANNY","1","=912"
"MANROE","1","=912"
"MANSHER","1","=912"
"MANTEJ","1","=912"
"MANTRA","1","=912"
"MANUEL","1","=912"
"MANVIK","1","=912"
"MANVITH","1","=912"
"MANZI","1","=912"
"MARC","1","=912"
"MARCEL","1","=912"
"MARCELUS","1","=912"
"MARCKUS","1","=912"
"MARDY","1","=912"
"MARKAIRO-COLIN","1","=912"
"MARLI","1","=912"
"MARLOW","1","=912"
"MARNUS","1","=912"
"MARQAEL","1","=912"
"MARS","1","=912"
"MASSIMO","1","=912"
"MATAO","1","=912"
"MATAROKI","1","=912"
"MATE","1","=912"
"MATHEUS","1","=912"
"MATT","1","=912"
"MATTEEN","1","=912"
"MATTIAS","1","=912"
"MAURICE","1","=912"
"MAURYANSH","1","=912"
"MAVERIX","1","=912"
"MAXI","1","=912"
"MAXIMILIAAN","1","=912"
"MAXIMO","1","=912"
"MAYEN","1","=912"
"MAYSAM","1","=912"
"MAZEN","1","=912"
"MAZIN","1","=912"
"MC","1","=912"
"MCKINLEY","1","=912"
"MCRONALD","1","=912"
"MEDHAANSH","1","=912"
"MEDHANSH","1","=912"
"MEHARVAAN","1","=912"
"MEHDI","1","=912"
"MEHRAAB","1","=912"
"MEHRAB","1","=912"
"MEHRAD","1","=912"
"MEHRAS","1","=912"
"MEKIAH","1","=912"
"MENELIK","1","=912"
"MERAJ","1","=912"
"MESUM","1","=912"
"METE","1","=912"
"MEYVER","1","=912"
"MIEL","1","=912"
"MIHAILO","1","=912"
"MIJAS","1","=912"
"MIKAH","1","=912"
"MIKAHLO","1","=912"
"MIKHAIL","1","=912"
"MILAAP","1","=912"
"MILAD","1","=912"
"MIO","1","=912"
"MIR","1","=912"
"MIRAAN","1","=912"
"MIRAN","1","=912"
"MIVAAN","1","=912"
"MIVAN","1","=912"
"MOBEEN","1","=912"
"MOBIN","1","=912"
"MOE","1","=912"
"MOGAMMAD","1","=912"
"MOHAMAD","1","=912"
"MOHAMED","1","=912"
"MOHAMMEDALI","1","=912"
"MOHAMUD","1","=912"
"MOHSIN","1","=912"
"MOMIN","1","=912"
"MONTADAR","1","=912"
"MONTAGUE","1","=912"
"MONTGOMERY","1","=912"
"MORDEKHAI","1","=912"
"MORTAZA","1","=912"
"MOSAWER","1","=912"
"MOSHANE","1","=912"
"MOSS","1","=912"
"MOUSA","1","=912"
"MOXON","1","=912"
"MUAYED","1","=912"
"MUNACHIMSO","1","=912"
"MUNASHE","1","=912"
"MURAD","1","=912"
"MUREN","1","=912"
"MUSTAFA","1","=912"
"MUYANG","1","=912"
"MUZHI","1","=912"
"MYKA","1","=912"
"MYKAH","1","=912"
"MYLO","1","=912"
"NABHAN","1","=912"
"NAIMATHULLAH","1","=912"
"NAKEEM","1","=912"
"NAKOAH","1","=912"
"NANG","1","=912"
"NASAM","1","=912"
"NASEEB","1","=912"
"NAU","1","=912"
"NAUNIHAAL","1","=912"
"NAUNIHAL","1","=912"
"NAVISH","1","=912"
"NAVRAJ","1","=912"
"NAVTAJ","1","=912"
"NAYAAB","1","=912"
"NAYEL","1","=912"
"NAYTE","1","=912"
"NAYZAN","1","=912"
"NAZIM","1","=912"
"NEAL","1","=912"
"NECTARIOS","1","=912"
"NEEJ","1","=912"
"NEEKO","1","=912"
"NEEOM","1","=912"
"NEEV","1","=912"
"NEIKO","1","=912"
"NEIL","1","=912"
"NELSON","1","=912"
"NEMR","1","=912"
"NETHIGEL","1","=912"
"NEVAAN","1","=912"
"NEWLAND","1","=912"
"NEYANSH","1","=912"
"NGADAAM","1","=912"
"NGUYEN","1","=912"
"NIBHANSH","1","=912"
"NICO","1","=912"
"NICODEMUS","1","=912"
"NIK","1","=912"
"NIKITA","1","=912"
"NIKLAUS","1","=912"
"NIKOLA","1","=912"
"NIKOLAS","1","=912"
"NIKOS","1","=912"
"NIRVAN","1","=912"
"NIRVED","1","=912"
"NISAR","1","=912"
"NITYANSH","1","=912"
"NIVAM","1","=912"
"NIVANSH","1","=912"
"NIYAAM","1","=912"
"NNAMDI","1","=912"
"NO","1","=912"
"NOAH-ROBERT","1","=912"
"NOGEN","1","=912"
"NOOR","1","=912"
"NOVAH","1","=912"
"NRIPJOT","1","=912"
"NRIVANSH","1","=912"
"NULLAH","1","=912"
"NYJAH","1","=912"
"NYX","1","=912"
"OAK","1","=912"
"OAKLAN","1","=912"
"OAKLAND","1","=912"
"OAKLEE","1","=912"
"OAKLEN","1","=912"
"OAKLYN","1","=912"
"OAKLYN-RAIN","1","=912"
"OAKLYNN","1","=912"
"OBIE","1","=912"
"OBINNA","1","=912"
"OCHRE","1","=912"
"OCTAVIAN","1","=912"
"ODEN","1","=912"
"ODIS","1","=912"
"OGHENEMARO","1","=912"
"OHENEBA-ZION","1","=912"
"OJAS","1","=912"
"OJAZ","1","=912"
"OLISAELOKA","1","=912"
"OLISE","1","=912"
"OLIVIER","1","=912"
"OMER","1","=912"
"ONYX-JAY","1","=912"
"ORAZIO","1","=912"
"OSITA","1","=912"
"OSWALD","1","=912"
"OTITO","1","=912"
"OWETHU","1","=912"
"OZIL","1","=912"
"OZLO","1","=912"
"OZZY","1","=912"
"PAARSHIV","1","=912"
"PABLO","1","=912"
"PAK-YEE","1","=912"
"PAKIHANA","1","=912"
"PALASH","1","=912"
"PALDEN","1","=912"
"PARAS","1","=912"
"PARKES","1","=912"
"PARVAZ","1","=912"
"PARWAAN","1","=912"
"PARWAN","1","=912"
"PASCAL","1","=912"
"PASQUALE","1","=912"
"PAULIN","1","=912"
"PAVITAR","1","=912"
"PAVLOS","1","=912"
"PENAK","1","=912"
"PHEO","1","=912"
"PHEONIXX","1","=912"
"PHYNN","1","=912"
"PIPPIN","1","=912"
"PRABH","1","=912"
"PRABHJIT","1","=912"
"PRABHNOOR","1","=912"
"PRABISHER","1","=912"
"PRACHIT","1","=912"
"PRAMUKH","1","=912"
"PRAMUN","1","=912"
"PRANAY","1","=912"
"PRANEETH","1","=912"
"PRANIT","1","=912"
"PRANOJ","1","=912"
"PRANSHUL","1","=912"
"PRASHAM","1","=912"
"PRATYAKSH","1","=912"
"PRAYAN","1","=912"
"PRAYUSH","1","=912"
"PRERAK","1","=912"
"PRESTIN","1","=912"
"PRIEL","1","=912"
"PRIHAN","1","=912"
"PRINCE","1","=912"
"PRITHAM","1","=912"
"PRITHVI","1","=912"
"PRIYAN","1","=912"
"PRIYANSHU","1","=912"
"PROSPER","1","=912"
"PSALM","1","=912"
"PUGAL","1","=912"
"PUYAN","1","=912"
"QESTIN","1","=912"
"QILIN","1","=912"
"QUIAH","1","=912"
"RAAYAN","1","=912"
"RABAAB","1","=912"
"RABAB","1","=912"
"RABABDEEP","1","=912"
"RADIN","1","=912"
"RADVIN","1","=912"
"RAEL","1","=912"
"RAFAY","1","=912"
"RAFFERTY","1","=912"
"RAFI","1","=912"
"RAFTAAR","1","=912"
"RAHDI","1","=912"
"RAHEEM","1","=912"
"RAHIB","1","=912"
"RAHIM","1","=912"
"RAIDEN","1","=912"
"RAIDER","1","=912"
"RAIN","1","=912"
"RAKEEM","1","=912"
"RAM","1","=912"
"RAMANA","1","=912"
"RAMI","1","=912"
"RAMON","1","=912"
"RAMSEY","1","=912"
"RAMY","1","=912"
"RANAV","1","=912"
"RANBIR","1","=912"
"RANDIP","1","=912"
"RANNFATEH","1","=912"
"RASHAD","1","=912"
"RASHID","1","=912"
"RATU","1","=912"
"RAUL","1","=912"
"RAUNAK","1","=912"
"RAUNAQ","1","=912"
"RAVI","1","=912"
"RAYAAN","1","=912"
"RAYLAN","1","=912"
"RAYNE","1","=912"
"RAYVENN","1","=912"
"RAZEK","1","=912"
"REED","1","=912"
"REEVE","1","=912"
"REHAT","1","=912"
"REILLY","1","=912"
"REJJAN","1","=912"
"REMINGTON","1","=912"
"REN","1","=912"
"RENATO","1","=912"
"RENJIRO","1","=912"
"RENLEY","1","=912"
"RENLY","1","=912"
"RENNER","1","=912"
"RENSHUO","1","=912"
"REON","1","=912"
"RESSAN","1","=912"
"REUEL","1","=912"
"REVAAN","1","=912"
"REVELIN","1","=912"
"REY","1","=912"
"REYAARTH","1","=912"
"REYES","1","=912"
"RHBAIR","1","=912"
"RHILEN","1","=912"
"RHODES","1","=912"
"RHYDER","1","=912"
"RHYLEI","1","=912"
"RHYLEN","1","=912"
"RICCARDO","1","=912"
"RIDH","1","=912"
"RIDHUL","1","=912"
"RIGBY","1","=912"
"RIKER","1","=912"
"RING","1","=912"
"RIPLEY","1","=912"
"RISHAB","1","=912"
"RISHAL","1","=912"
"RISHAN","1","=912"
"RISHAV","1","=912"
"RISHIV","1","=912"
"RIVANSH","1","=912"
"RIYAAN","1","=912"
"RIYAN","1","=912"
"RIYANSH","1","=912"
"RIYAZ","1","=912"
"RIZWAAN","1","=912"
"ROCKWELL","1","=912"
"RODNEY","1","=912"
"ROEY","1","=912"
"ROLAND","1","=912"
"ROLCE","1","=912"
"ROLI","1","=912"
"RONAK","1","=912"
"RONALDO","1","=912"
"RONIT","1","=912"
"RONNIE","1","=912"
"ROONEY","1","=912"
"ROREY","1","=912"
"ROSARIO","1","=912"
"ROSH","1","=912"
"ROSHAN","1","=912"
"ROSS","1","=912"
"ROUX","1","=912"
"ROWIE","1","=912"
"RUA","1","=912"
"RUARI","1","=912"
"RUBAB","1","=912"
"RUDHRAAVELL","1","=912"
"RUDHRIV","1","=912"
"RUDHVAAVELL","1","=912"
"RUDI","1","=912"
"RUDIE","1","=912"
"RUDRAVEER","1","=912"
"RUE","1","=912"
"RUFUS","1","=912"
"RUHID","1","=912"
"RUIBO","1","=912"
"RUMI","1","=912"
"RUSHAUN","1","=912"
"RUSLAN","1","=912"
"RUSTIN","1","=912"
"RUWI","1","=912"
"RYATT","1","=912"
"RYLANN","1","=912"
"RYLEN","1","=912"
"RYYAN","1","=912"
"RYZAK","1","=912"
"RYZEN","1","=912"
"SAAD","1","=912"
"SAAHAS","1","=912"
"SAAHEB","1","=912"
"SAAMRAAZ","1","=912"
"SAANJHDEEP","1","=912"
"SABARVEER","1","=912"
"SABIR","1","=912"
"SADDAM","1","=912"
"SADRA","1","=912"
"SAGALVIR","1","=912"
"SAHAAI","1","=912"
"SAHAJ","1","=912"
"SAHIL","1","=912"
"SAHVI","1","=912"
"SAI","1","=912"
"SAJAD","1","=912"
"SALAAR","1","=912"
"SALAHUDDIN","1","=912"
"SALEH","1","=912"
"SALEM","1","=912"
"SALIM","1","=912"
"SAMARDEEP","1","=912"
"SAMARPARTAP","1","=912"
"SAMARVEER","1","=912"
"SAMAY","1","=912"
"SAMDRUK","1","=912"
"SAMEK","1","=912"
"SAMI","1","=912"
"SAMIR","1","=912"
"SAMRA","1","=912"
"SAMRATH","1","=912"
"SAMSON","1","=912"
"SAMYOG","1","=912"
"SANDY","1","=912"
"SANSKRIT","1","=912"
"SANTI","1","=912"
"SARANAK","1","=912"
"SARBATT","1","=912"
"SARIM","1","=912"
"SARTAJ","1","=912"
"SARTHAK","1","=912"
"SASMIT","1","=912"
"SATHVIK","1","=912"
"SATVIK","1","=912"
"SAURIN","1","=912"
"SAYED","1","=912"
"SAYF","1","=912"
"SAYUN","1","=912"
"SCOUT","1","=912"
"SCULLY","1","=912"
"SEAN","1","=912"
"SEHASH","1","=912"
"SEHBAAZ","1","=912"
"SEHTAB","1","=912"
"SEIFULLAH","1","=912"
"SEJUN","1","=912"
"SEKOVE","1","=912"
"SENESI","1","=912"
"SEONG","1","=912"
"SERGIO","1","=912"
"SEYON","1","=912"
"SEYYED","1","=912"
"SHAAYAN","1","=912"
"SHABAD","1","=912"
"SHABEG","1","=912"
"SHAH","1","=912"
"SHAHAN","1","=912"
"SHAHAZAD","1","=912"
"SHAHBAZ","1","=912"
"SHAHEER","1","=912"
"SHAHIN","1","=912"
"SHAHZAIB","1","=912"
"SHANUKYA","1","=912"
"SHARVA","1","=912"
"SHASHIV","1","=912"
"SHAUN","1","=912"
"SHAURYA","1","=912"
"SHAY","1","=912"
"SHAYNE","1","=912"
"SHENG-AN","1","=912"
"SHER-ZALAND","1","=912"
"SHERIFF","1","=912"
"SHIVAAN","1","=912"
"SHIVAAY","1","=912"
"SHIVAY","1","=912"
"SHIVEN","1","=912"
"SHIVIN","1","=912"
"SHIVOHAM","1","=912"
"SHIVVAANSH","1","=912"
"SHOON","1","=912"
"SHREYAN","1","=912"
"SHREYANSSH","1","=912"
"SHRIHAN","1","=912"
"SHRINAV","1","=912"
"SHRITIK","1","=912"
"SHRIVANSH","1","=912"
"SHRIVIN","1","=912"
"SHRYAN","1","=912"
"SHUBH","1","=912"
"SHUBHAM","1","=912"
"SHUBHMAN","1","=912"
"SHVAYE","1","=912"
"SIBTAIN","1","=912"
"SIDDHARTH","1","=912"
"SIMARJEET","1","=912"
"SIMEON","1","=912"
"SIMO","1","=912"
"SIYON","1","=912"
"SKYLAR","1","=912"
"SNAWAR","1","=912"
"SOH","1","=912"
"SOLOMON","1","=912"
"SONGYANG","1","=912"
"SOPHOCLES","1","=912"
"SOSEFO","1","=912"
"SOTIRIS","1","=912"
"SOUTH","1","=912"
"SOVANNARITH","1","=912"
"SPARSH","1","=912"
"SQUISHIE","1","=912"
"SQUIZZY","1","=912"
"SRI","1","=912"
"SRIAN","1","=912"
"SRIKRISHNA","1","=912"
"SRINANDHAN","1","=912"
"STEFANOS","1","=912"
"STELIO","1","=912"
"STEPHEN","1","=912"
"STUART","1","=912"
"SUAD","1","=912"
"SUBHAN","1","=912"
"SUBOTAI","1","=912"
"SUJEEN","1","=912"
"SULEMANI","1","=912"
"SULTAAN","1","=912"
"SULTAN","1","=912"
"SUMAILO","1","=912"
"SUNMAY","1","=912"
"SURJOG","1","=912"
"SUSTIM","1","=912"
"SUYAN","1","=912"
"SVAR","1","=912"
"SVEN","1","=912"
"SWAE","1","=912"
"SWAYDE","1","=912"
"SWOJAS","1","=912"
"SYD","1","=912"
"SYLUS","1","=912"
"TAARUSH","1","=912"
"TAEKE","1","=912"
"TAFADZWA","1","=912"
"TAHAN","1","=912"
"TAHIYAN","1","=912"
"TAIKA","1","=912"
"TAILEM","1","=912"
"TAIM","1","=912"
"TAITE","1","=912"
"TAITUM-SCOTT","1","=912"
"TAKSH","1","=912"
"TAKURA","1","=912"
"TALHA","1","=912"
"TALLEI","1","=912"
"TALLON","1","=912"
"TALYN","1","=912"
"TAM","1","=912"
"TAMA","1","=912"
"TANNER","1","=912"
"TAO","1","=912"
"TARAIA","1","=912"
"TAREK","1","=912"
"TARI","1","=912"
"TARIK","1","=912"
"TARUSH","1","=912"
"TARZAN","1","=912"
"TAWHIRI","1","=912"
"TAYLAN","1","=912"
"TAYLUM","1","=912"
"TAYO","1","=912"
"TAYTE","1","=912"
"TAZ","1","=912"
"TE-MANA","1","=912"
"TEAK","1","=912"
"TEAL","1","=912"
"TEDD","1","=912"
"TEGBIR","1","=912"
"TEGH","1","=912"
"TEGHVIR","1","=912"
"TEHJVIR","1","=912"
"TEJASHVARVEER","1","=912"
"TENNYSON","1","=912"
"TENZIN","1","=912"
"TEODORO","1","=912"
"TERRAN","1","=912"
"TERRANCE","1","=912"
"TERRY","1","=912"
"TESHAN","1","=912"
"TEVIN","1","=912"
"TEZ","1","=912"
"THADDEUS","1","=912"
"THAIRO","1","=912"
"THANASI","1","=912"
"THANG","1","=912"
"THEODEN","1","=912"
"THEODOR","1","=912"
"THEODORUS","1","=912"
"THEOFANIS","1","=912"
"THEON","1","=912"
"THIENAN","1","=912"
"THIERNO","1","=912"
"THIEUS","1","=912"
"THIONG","1","=912"
"THIVANE","1","=912"
"THOMAS-BENJAMIN","1","=912"
"THONGTHAE","1","=912"
"THOREN","1","=912"
"THORIN","1","=912"
"TIAGO","1","=912"
"TIAM","1","=912"
"TIAN","1","=912"
"TIBER","1","=912"
"TIDUS","1","=912"
"TIMANA","1","=912"
"TIMMY","1","=912"
"TIMOFEY","1","=912"
"TITAN","1","=912"
"TITO","1","=912"
"TK","1","=912"
"TLUANG","1","=912"
"TOA","1","=912"
"TOBIAH","1","=912"
"TOMI","1","=912"
"TOMIAS","1","=912"
"TOMITHE","1","=912"
"TOMMASO","1","=912"
"TOMMIE","1","=912"
"TOMOKI","1","=912"
"TONCI","1","=912"
"TONY","1","=912"
"TOR","1","=912"
"TOREN","1","=912"
"TORREN","1","=912"
"TRENT","1","=912"
"TRISHAANK","1","=912"
"TRISTEN","1","=912"
"TRISTIAN","1","=912"
"TRISTRUM","1","=912"
"TRIYANSH","1","=912"
"TROY-JAMES","1","=912"
"TSZ","1","=912"
"TURBO","1","=912"
"TYLA","1","=912"
"TYREE","1","=912"
"TYREESE","1","=912"
"TYREL","1","=912"
"TYRELL","1","=912"
"TYRESE","1","=912"
"TYRIEKE","1","=912"
"TYSIAH","1","=912"
"TYZAIAH","1","=912"
"UBAIDA","1","=912"
"UDAY","1","=912"
"UDAYPRATAP","1","=912"
"UMAYR","1","=912"
"URIAH","1","=912"
"USAID","1","=912"
"USAYD","1","=912"
"VAAYU","1","=912"
"VALENTIN","1","=912"
"VALERY","1","=912"
"VALI","1","=912"
"VALLEE","1","=912"
"VALOR","1","=912"
"VALOUR","1","=912"
"VANDAN","1","=912"
"VANDEN","1","=912"
"VANLIAN","1","=912"
"VANN","1","=912"
"VANSH","1","=912"
"VARDAN","1","=912"
"VARNIK","1","=912"
"VASILEY","1","=912"
"VASILI","1","=912"
"VASILIJE","1","=912"
"VASYLI","1","=912"
"VIAAN","1","=912"
"VIGGO","1","=912"
"VIKRAM","1","=912"
"VILIAME","1","=912"
"VINICIUS","1","=912"
"VINNIE","1","=912"
"VINNY","1","=912"
"VINSON","1","=912"
"VIOM","1","=912"
"VIR","1","=912"
"VIRAAJ","1","=912"
"VIRANSH","1","=912"
"VISHRUTH","1","=912"
"VITTORIO","1","=912"
"VOONIT","1","=912"
"VORAPHOT","1","=912"
"VRISHAAN","1","=912"
"VUK","1","=912"
"VUKASIN","1","=912"
"VYOM","1","=912"
"WAARIS","1","=912"
"WADE","1","=912"
"WAHAJ","1","=912"
"WAIRUA","1","=912"
"WALLACE","1","=912"
"WANJIN","1","=912"
"WARIS","1","=912"
"WAY","1","=912"
"WAYLON","1","=912"
"WEIXI","1","=912"
"WELLES","1","=912"
"WES","1","=912"
"WESTEN","1","=912"
"WESTERN","1","=912"
"WESTLEY","1","=912"
"WESTON","1","=912"
"WHYATT","1","=912"
"WILANN","1","=912"
"WILDER","1","=912"
"WILLEM","1","=912"
"WILLOKAI","1","=912"
"WILSON","1","=912"
"WINSLOW","1","=912"
"WYATT-JAMES","1","=912"
"WYNN","1","=912"
"XADEN","1","=912"
"XAIDEN","1","=912"
"XANDAH","1","=912"
"XAVI","1","=912"
"XAVIOR","1","=912"
"XAYDEN","1","=912"
"XINYI","1","=912"
"XZAVIER","1","=912"
"YAHIA","1","=912"
"YAKOB","1","=912"
"YAMEER","1","=912"
"YAMIN","1","=912"
"YAN","1","=912"
"YANAL","1","=912"
"YANCHEN","1","=912"
"YANNIE","1","=912"
"YANSH","1","=912"
"YAROSLAV","1","=912"
"YASEEN","1","=912"
"YASHV","1","=912"
"YIANNIS","1","=912"
"YIN","1","=912"
"YINUO","1","=912"
"YISHAK","1","=912"
"YODHA","1","=912"
"YOG","1","=912"
"YONAS","1","=912"
"YOUNES","1","=912"
"YOUSIF","1","=912"
"YOUSUF","1","=912"
"YU","1","=912"
"YU-CHEN","1","=912"
"YUG","1","=912"
"YUGSANG","1","=912"
"YUGYEL","1","=912"
"YUHAAN","1","=912"
"YUMETH","1","=912"
"YUVAANMEET","1","=912"
"YUVIK","1","=912"
"YUVIN","1","=912"
"ZAEDYN","1","=912"
"ZAEEM","1","=912"
"ZAFAR","1","=912"
"ZAHEEN","1","=912"
"ZAILEN","1","=912"
"ZAIYDE","1","=912"
"ZAKI","1","=912"
"ZAKQUAN","1","=912"
"ZANDA","1","=912"
"ZARAHN","1","=912"
"ZARANN","1","=912"
"ZARTY","1","=912"
"ZASON","1","=912"
"ZAVIAN","1","=912"
"ZAYBLE","1","=912"
"ZAYDE","1","=912"
"ZAYDEN-PEACE","1","=912"
"ZAYLIN","1","=912"
"ZAYNN","1","=912"
"ZAYTAN","1","=912"
"ZEAN","1","=912"
"ZECHARIAH","1","=912"
"ZEDIKAI","1","=912"
"ZEESHAN","1","=912"
"ZEKUN","1","=912"
"ZEN","1","=912"
"ZENITH","1","=912"
"ZEPH","1","=912"
"ZEPHAN","1","=912"
"ZERAPH","1","=912"
"ZERIN","1","=912"
"ZEVI","1","=912"
"ZHIYI","1","=912"
"ZHUOYI","1","=912"
"ZIA","1","=912"
"ZICHEN","1","=912"
"ZIDAAN","1","=912"
"ZIDAN","1","=912"
"ZIGG","1","=912"
"ZIMMI","1","=912"
"ZIVAAN","1","=912"
"ZIXU","1","=912"
"ZIYON","1","=912"
"ZOEKRIS","1","=912"
"ZOHAIB","1","=912"
"ZORA","1","=912"
"ZORAAN","1","=912"
"ZUBAIR","1","=912"
"ZUHAIR","1","=912"
"ZUHAYR","1","=912"
"ZUVA","1","=912"
"ZUZA","1","=912"
"ZYAH","1","=912"
"ZYAN","1","=912"
"ZYLAN","1","=912"
"ZYNE","1","=912"
"ZYREN","1","=912"
