"","name","sex","year","count"
"1","Ava","Female",2016,220
"2","Olivia","Female",2016,169
"3","Emily","Female",2016,135
"4","Charlotte","Female",2016,223
"5","Amelia","Female",2016,170
"6","Grace","Female",2016,144
"7","Isla","Female",2016,190
"8","Harper","Female",2016,147
"9","Mia","Female",2016,195
"10","Ella","Female",2016,153
"11","Noah","Male",2016,204
"12","Lucas","Male",2016,160
"13","William","Male",2016,209
"14","James","Male",2016,175
"15","Xavier","Male",2016,137
"16","Jack","Male",2016,270
"17","Thomas","Male",2016,175
"18","Liam","Male",2016,147
"19","Oliver","Male",2016,277
"20","Ethan","Male",2016,188
"21","Charlie","Male",2016,149
"22","Olivia","Female",2015,205
"23","Isla","Female",2015,166
"24","Ruby","Female",2015,151
"25","Mia","Female",2015,182
"26","Amelia","Female",2015,153
"27","Charlotte","Female",2015,187
"28","Grace","Female",2015,155
"29","Ava","Female",2015,197
"30","Sophie","Female",2015,162
"31","Chloe","Female",2015,145
"32","James","Male",2015,197
"33","Ethan","Male",2015,172
"34","Jack","Male",2015,228
"35","Thomas","Male",2015,174
"36","Lachlan","Male",2015,142
"37","Oliver","Male",2015,248
"38","William","Male",2015,176
"39","Liam","Male",2015,147
"40","Noah","Male",2015,191
"41","Mason","Male",2015,148
"42","Emily","Female",2014,204
"43","Mia","Female",2014,181
"44","Sophie","Female",2014,164
"45","Olivia","Female",2014,181
"46","Isla","Female",2014,165
"47","Charlotte","Female",2014,186
"48","Ella","Female",2014,171
"49","Grace","Female",2014,157
"50","Ava","Female",2014,199
"51","Amelia","Female",2014,180
"52","Chloe","Female",2014,162
"53","Jack","Male",2014,239
"54","Thomas","Male",2014,182
"55","Jacob","Male",2014,147
"56","Oliver","Male",2014,254
"57","Lucas","Male",2014,183
"58","Liam","Male",2014,147
"59","William","Male",2014,198
"60","Ethan","Male",2014,170
"61","Noah","Male",2014,216
"62","James","Male",2014,175
"63","Mason","Male",2014,146
"64","Charlotte","Female",2013,199
"65","Ella","Female",2013,177
"66","Mia","Female",2013,147
"67","Olivia","Female",2013,201
"68","Ruby","Female",2013,184
"69","Amelia","Female",2013,148
"70","Emily","Female",2013,190
"71","Sophie","Female",2013,159
"72","Ava","Female",2013,195
"73","Chloe","Female",2013,176
"74","Jack","Male",2013,242
"75","Lucas","Male",2013,187
"76","Lachlan","Male",2013,155
"77","William","Male",2013,193
"78","Ethan","Male",2013,162
"79","Noah","Male",2013,202
"80","Mason","Male",2013,169
"81","Oliver","Male",2013,226
"82","James","Male",2013,180
"83","Harrison","Male",2013,154
"84","Ruby","Female",2012,185
"85","Ella","Female",2012,174
"86","Olivia","Female",2012,191
"87","Chloe","Female",2012,175
"88","Mia","Female",2012,160
"89","Charlotte","Female",2012,193
"90","Sophie","Female",2012,176
"91","Ava","Female",2012,171
"92","Emily","Female",2012,183
"93","Amelia","Female",2012,173
"94","Ethan","Male",2012,197
"95","Liam","Male",2012,173
"96","William","Male",2012,198
"97","Jacob","Male",2012,174
"98","Jack","Male",2012,201
"99","Lucas","Male",2012,181
"100","Thomas","Male",2012,157
"101","Noah","Male",2012,207
"102","James","Male",2012,185
"103","Oliver","Male",2012,171
"104","Isabella","Female",2011,186
"105","Chloe","Female",2011,175
"106","Sienna","Female",2011,167
"107","Mia","Female",2011,194
"108","Olivia","Female",2011,176
"109","Ava","Female",2011,168
"110","Ella","Female",2011,194
"111","Charlotte","Female",2011,178
"112","Emily","Female",2011,170
"113","Ruby","Female",2011,182
"114","Sophie","Female",2011,173
"115","Jack","Male",2011,202
"116","Thomas","Male",2011,177
"117","James","Male",2011,212
"118","Joshua","Male",2011,184
"119","Riley","Male",2011,154
"120","Ethan","Male",2011,215
"121","Oliver","Male",2011,189
"122","Jacob","Male",2011,172
"123","Lucas","Male",2011,196
"124","Cooper","Male",2011,173
"125","Emily","Female",2010,196
"126","Sophie","Female",2010,176
"127","Mia","Female",2010,163
"128","Chloe","Female",2010,199
"129","Olivia","Female",2010,180
"130","Charlotte","Female",2010,167
"131","Ruby","Female",2010,210
"132","Ella","Female",2010,191
"133","Sienna","Female",2010,171
"134","Isabella","Female",2010,195
"135","Lily","Female",2010,171
"136","Lucas","Male",2010,196
"137","Thomas","Male",2010,174
"138","William","Male",2010,158
"139","Oliver","Male",2010,197
"140","Riley","Male",2010,174
"141","Jacob","Male",2010,167
"142","Jack","Male",2010,239
"143","Noah","Male",2010,178
"144","Joshua","Male",2010,173
"145","James","Male",2010,180
"146","Ethan","Male",2010,174
"147","Max","Male",2010,154
"148","Mia","Female",2009,205
"149","Chloe","Female",2009,179
"150","Sienna","Female",2009,150
"151","Isabella","Female",2009,183
"152","Charlotte","Female",2009,162
"153","Ella","Female",2009,189
"154","Sophie","Female",2009,171
"155","Olivia","Female",2009,191
"156","Emily","Female",2009,172
"157","Ruby","Female",2009,148
"158","Riley","Male",2009,214
"159","Lucas","Male",2009,164
"160","Ethan","Male",2009,156
"161","Joshua","Male",2009,215
"162","Oliver","Male",2009,179
"163","Jacob","Male",2009,156
"164","Jack","Male",2009,256
"165","Thomas","Male",2009,182
"166","Benjamin","Male",2009,157
"167","William","Male",2009,193
"168","Lachlan","Male",2009,159
"169","Mia","Female",2008,190
"170","Sienna","Female",2008,161
"171","Chloe","Female",2008,192
"172","Charlotte","Female",2008,167
"173","Emily","Female",2008,199
"174","Lily","Female",2008,169
"175","Ava","Female",2008,154
"176","Ella","Female",2008,237
"177","Sophie","Female",2008,170
"178","Isabella","Female",2008,159
"179","Riley","Male",2008,215
"180","Lachlan","Male",2008,180
"181","Samuel","Male",2008,163
"182","Joshua","Male",2008,224
"183","William","Male",2008,182
"184","Lucas","Male",2008,164
"185","Jack","Male",2008,276
"186","Ethan","Male",2008,183
"187","Oliver","Male",2008,177
"188","James","Male",2008,183
"189","Thomas","Male",2008,180
"190","Jacob","Male",2008,156
"191","Ella","Female",2007,255
"192","Charlotte","Female",2007,168
"193","Ava","Female",2007,136
"194","Emily","Female",2007,211
"195","Olivia","Female",2007,161
"196","Sienna","Female",2007,136
"197","Mia","Female",2007,184
"198","Grace","Female",2007,155
"199","Chloe","Female",2007,208
"200","Isabella","Female",2007,156
"201","Sophie","Female",2007,130
"202","Jack","Male",2007,277
"203","Ethan","Male",2007,197
"204","Joshua","Male",2007,229
"205","Thomas","Male",2007,195
"206","Daniel","Male",2007,160
"207","Lucas","Male",2007,162
"208","James","Male",2007,211
"209","William","Male",2007,166
"210","Riley","Male",2007,213
"211","Lachlan","Male",2007,187
"212","Emily","Female",2006,219
"213","Sophie","Female",2006,145
"214","Sienna","Female",2006,137
"215","Chloe","Female",2006,213
"216","Isabella","Female",2006,144
"217","Ella","Female",2006,245
"218","Olivia","Female",2006,161
"219","Mia","Female",2006,138
"220","Jessica","Female",2006,170
"221","Charlotte","Female",2006,140
"222","Joshua","Male",2006,209
"223","Liam","Male",2006,163
"224","Lachlan","Male",2006,200
"225","Riley","Male",2006,157
"226","Thomas","Male",2006,213
"227","Luke","Male",2006,170
"228","William","Male",2006,155
"229","Jack","Male",2006,278
"230","James","Male",2006,186
"231","Ethan","Male",2006,156
"232","Emily","Female",2005,169
"233","Jessica","Female",2005,187
"234","Olivia","Female",2005,136
"235","Isabella","Female",2005,119
"236","Chloe","Female",2005,183
"237","Grace","Female",2005,128
"238","Ella","Female",2005,216
"239","Sophie","Female",2005,160
"240","Lily","Female",2005,121
"241","Charlotte","Female",2005,123
"242","Joshua","Male",2005,254
"243","Benjamin","Male",2005,180
"244","Liam","Male",2005,146
"245","Lachlan","Male",2005,210
"246","James","Male",2005,177
"247","Jack","Male",2005,273
"248","Ethan","Male",2005,189
"249","Luke","Male",2005,153
"250","Thomas","Male",2005,198
"251","Riley","Male",2005,158
"252","Emily","Female",2004,194
"253","Hannah","Female",2004,150
"254","Isabella","Female",2004,120
"255","Jessica","Female",2004,171
"256","Sophie","Female",2004,130
"257","Chloe","Female",2004,167
"258","Charlotte","Female",2004,125
"259","Ella","Female",2004,175
"260","Olivia","Female",2004,147
"261","Emma","Female",2004,110
"262","Joshua","Male",2004,284
"263","Ethan","Male",2004,178
"264","Benjamin","Male",2004,156
"265","Thomas","Male",2004,194
"266","Liam","Male",2004,162
"267","Riley","Male",2004,156
"268","Jack","Male",2004,288
"269","Lachlan","Male",2004,183
"270","Daniel","Male",2004,159
"271","James","Male",2004,217
"272","Dylan","Male",2004,172
"273","Matthew","Male",2004,156
"274","Emily","Female",2003,178
"275","Sophie","Female",2003,142
"276","Emma","Female",2003,109
"277","Ella","Female",2003,184
"278","Olivia","Female",2003,155
"279","Georgia","Female",2003,122
"280","Hannah","Female",2003,159
"281","Sarah","Female",2003,123
"282","Chloe","Female",2003,212
"283","Jessica","Female",2003,156
"284","Grace","Female",2003,122
"285","Jack","Male",2003,241
"286","Joshua","Male",2003,268
"287","Ethan","Male",2003,194
"288","Daniel","Male",2003,168
"289","Lachlan","Male",2003,206
"290","Benjamin","Male",2003,186
"291","James","Male",2003,195
"292","Matthew","Male",2003,175
"293","Thomas","Male",2003,191
"294","Dylan","Male",2003,167
"295","Chloe","Female",2002,192
"296","Hannah","Female",2002,145
"297","Emma","Female",2002,120
"298","Jasmine","Female",2002,99
"299","Jessica","Female",2002,148
"300","Grace","Female",2002,120
"301","Olivia","Female",2002,106
"302","Emily","Female",2002,175
"303","Sophie","Female",2002,128
"304","Sarah","Female",2002,119
"305","Georgia","Female",2002,148
"306","Ella","Female",2002,128
"307","Isabella","Female",2002,114
"308","Ethan","Male",2002,233
"309","Benjamin","Male",2002,178
"310","Luke","Male",2002,168
"311","Jack","Male",2002,239
"312","Matthew","Male",2002,178
"313","Dylan","Male",2002,173
"314","Lachlan","Male",2002,190
"315","James","Male",2002,176
"316","Daniel","Male",2002,154
"317","Joshua","Male",2002,284
"318","Thomas","Male",2002,184
"319","Liam","Male",2002,176
"320","Connor","Male",2002,154
"321","Emily","Female",2001,158
"322","Sarah","Female",2001,130
"323","Amy","Female",2001,106
"324","Jessica","Female",2001,193
"325","Hannah","Female",2001,139
"326","Emma","Female",2001,107
"327","Sophie","Female",2001,140
"328","Grace","Female",2001,110
"329","Chloe","Female",2001,202
"330","Georgia","Female",2001,140
"331","Olivia","Female",2001,108
"332","Jack","Male",2001,259
"333","Lachlan","Male",2001,190
"334","Liam","Male",2001,155
"335","Joshua","Male",2001,303
"336","Matthew","Male",2001,197
"337","Ethan","Male",2001,162
"338","Luke","Male",2001,146
"339","Thomas","Male",2001,213
"340","Benjamin","Male",2001,176
"341","Jacob","Male",2001,155
"342","James","Male",2001,204
"343","Daniel","Male",2001,162
"344","Dylan","Male",2001,155
"345","Jessica","Female",2000,211
"346","Sophie","Female",2000,171
"347","Hannah","Female",2000,117
"348","Georgia","Female",2000,174
"349","Olivia","Female",2000,127
"350","Emily","Female",2000,180
"351","Emma","Female",2000,157
"352","Caitlin","Female",2000,110
"353","Chloe","Female",2000,178
"354","Sarah","Female",2000,148
"355","Jack","Male",2000,261
"356","Daniel","Male",2000,195
"357","Jacob","Male",2000,178
"358","Joshua","Male",2000,290
"359","James","Male",2000,215
"360","Benjamin","Male",2000,180
"361","Thomas","Male",2000,230
"362","Liam","Male",2000,192
"363","Dylan","Male",2000,174
"364","Matthew","Male",2000,223
"365","Lachlan","Male",2000,192
"366","Georgia","Female",1999,171
"367","Sophie","Female",1999,117
"368","Chloe","Female",1999,217
"369","Emma","Female",1999,137
"370","Emily","Female",1999,222
"371","Sarah","Female",1999,161
"372","Amy","Female",1999,115
"373","Jessica","Female",1999,220
"374","Olivia","Female",1999,145
"375","Lauren","Female",1999,110
"376","Thomas","Male",1999,221
"377","Daniel","Male",1999,196
"378","Matthew","Male",1999,233
"379","James","Male",1999,206
"380","Joshua","Male",1999,306
"381","Lachlan","Male",1999,216
"382","Liam","Male",1999,193
"383","Jack","Male",1999,280
"384","Benjamin","Male",1999,213
"385","Luke","Male",1999,185
"386","Emily","Female",1998,203
"387","Georgia","Female",1998,148
"388","Samantha","Female",1998,111
"389","Jessica","Female",1998,235
"390","Emma","Female",1998,155
"391","Hannah","Female",1998,111
"392","Sarah","Female",1998,192
"393","Olivia","Female",1998,120
"394","Courtney","Female",1998,109
"395","Chloe","Female",1998,182
"396","Amy","Female",1998,114
"397","Jack","Male",1998,284
"398","Thomas","Male",1998,195
"399","Michael","Male",1998,180
"400","Joshua","Male",1998,337
"401","James","Male",1998,208
"402","Jordan","Male",1998,186
"403","Matthew","Male",1998,247
"404","Liam","Male",1998,187
"405","Luke","Male",1998,179
"406","Daniel","Male",1998,215
"407","Dylan","Male",1998,187
"408","Emily","Female",1997,236
"409","Hannah","Female",1997,130
"410","Rebecca","Female",1997,117
"411","Jessica","Female",1997,269
"412","Georgia","Female",1997,135
"413","Courtney","Female",1997,119
"414","Sarah","Female",1997,198
"415","Lauren","Female",1997,128
"416","Emma","Female",1997,154
"417","Chloe","Female",1997,125
"418","Matthew","Male",1997,275
"419","Liam","Male",1997,218
"420","Benjamin","Male",1997,190
"421","Joshua","Male",1997,316
"422","James","Male",1997,220
"423","Mitchell","Male",1997,191
"424","Jack","Male",1997,255
"425","Michael","Male",1997,203
"426","Daniel","Male",1997,232
"427","Thomas","Male",1997,197
"428","Emily","Female",1996,219
"429","Georgia","Female",1996,136
"430","Samantha","Female",1996,120
"431","Jessica","Female",1996,307
"432","Rebecca","Female",1996,141
"433","Hannah","Female",1996,123
"434","Sarah","Female",1996,197
"435","Chloe","Female",1996,125
"436","Emma","Female",1996,174
"437","Amy","Female",1996,124
"438","Matthew","Male",1996,298
"439","Luke","Male",1996,222
"440","Michael","Male",1996,198
"441","Joshua","Male",1996,360
"442","James","Male",1996,242
"443","Dylan","Male",1996,199
"444","Jack","Male",1996,265
"445","Jordan","Male",1996,219
"446","Daniel","Male",1996,263
"447","Jake","Male",1996,216
"448","Jessica","Female",1995,348
"449","Rebecca","Female",1995,156
"450","Courtney","Female",1995,125
"451","Emma","Female",1995,178
"452","Lauren","Female",1995,130
"453","Sarah","Female",1995,217
"454","Amy","Female",1995,151
"455","Samantha","Female",1995,112
"456","Emily","Female",1995,212
"457","Hannah","Female",1995,135
"458","Daniel","Male",1995,298
"459","Jake","Male",1995,220
"460","Matthew","Male",1995,326
"461","Jordan","Male",1995,221
"462","Dylan","Male",1995,200
"463","Michael","Male",1995,262
"464","Luke","Male",1995,218
"465","Joshua","Male",1995,387
"466","James","Male",1995,256
"467","Jack","Male",1995,215
"468","Jessica","Female",1994,321
"469","Emma","Female",1994,163
"470","Samantha","Female",1994,137
"471","Rebecca","Female",1994,181
"472","Lauren","Female",1994,139
"473","Emily","Female",1994,239
"474","Amy","Female",1994,162
"475","Courtney","Female",1994,122
"476","Sarah","Female",1994,235
"477","Rachel","Female",1994,139
"478","Stephanie","Female",1994,120
"479","Joshua","Male",1994,315
"480","James","Male",1994,254
"481","Thomas","Male",1994,189
"482","Daniel","Male",1994,317
"483","Jordan","Male",1994,256
"484","Jake","Male",1994,205
"485","Matthew","Male",1994,300
"486","Luke","Male",1994,228
"487","Michael","Male",1994,284
"488","Dylan","Male",1994,212
"489","Rebecca","Female",1993,177
"490","Hannah","Female",1993,138
"491","Emily","Female",1993,184
"492","Emma","Female",1993,144
"493","Lauren","Female",1993,129
"494","Jessica","Female",1993,362
"495","Samantha","Female",1993,167
"496","Ashleigh","Female",1993,135
"497","Sarah","Female",1993,232
"498","Amy","Female",1993,154
"499","Stephanie","Female",1993,135
"500","Daniel","Male",1993,336
"501","James","Male",1993,259
"502","Benjamin","Male",1993,201
"503","Matthew","Male",1993,357
"504","Luke","Male",1993,298
"505","Dylan","Male",1993,204
"506","Michael","Male",1993,320
"507","Jordan","Male",1993,212
"508","Joshua","Male",1993,315
"509","Thomas","Male",1993,207
"510","Amy","Female",1992,192
"511","Stephanie","Female",1992,141
"512","Rebecca","Female",1992,208
"513","Emma","Female",1992,154
"514","Jessica","Female",1992,342
"515","Samantha","Female",1992,172
"516","Lauren","Female",1992,131
"517","Sarah","Female",1992,230
"518","Emily","Female",1992,171
"519","Rachel","Female",1992,126
"520","Michael","Male",1992,318
"521","Benjamin","Male",1992,256
"522","Jake","Male",1992,186
"523","Matthew","Male",1992,320
"524","James","Male",1992,264
"525","Mitchell","Male",1992,189
"526","Joshua","Male",1992,317
"527","Christopher","Male",1992,243
"528","Daniel","Male",1992,313
"529","Luke","Male",1992,239
"530","Emily","Female",1991,182
"531","Stephanie","Female",1991,142
"532","Rebecca","Female",1991,204
"533","Samantha","Female",1991,164
"534","Jessica","Female",1991,435
"535","Emma","Female",1991,173
"536","Ashleigh","Female",1991,137
"537","Sarah","Female",1991,262
"538","Amy","Female",1991,172
"539","Hannah","Female",1991,128
"540","Joshua","Male",1991,325
"541","Luke","Male",1991,241
"542","Daniel","Male",1991,352
"543","Benjamin","Male",1991,252
"544","Matthew","Male",1991,405
"545","Christopher","Male",1991,277
"546","David","Male",1991,196
"547","Michael","Male",1991,367
"548","James","Male",1991,253
"549","Thomas","Male",1991,192
"550","Jessica","Female",1990,419
"551","Amy","Female",1990,174
"552","Samantha","Female",1990,136
"553","Rebecca","Female",1990,208
"554","Ashleigh","Female",1990,136
"555","Sarah","Female",1990,263
"556","Lauren","Female",1990,169
"557","Emily","Female",1990,128
"558","Emma","Female",1990,227
"559","Melissa","Female",1990,158
"560","Stephanie","Female",1990,122
"561","Matthew","Male",1990,461
"562","Christopher","Male",1990,313
"563","David","Male",1990,244
"564","Joshua","Male",1990,331
"565","Luke","Male",1990,246
"566","Daniel","Male",1990,380
"567","Benjamin","Male",1990,290
"568","Thomas","Male",1990,207
"569","Michael","Male",1990,371
"570","James","Male",1990,263
"571","Rebecca","Female",1989,219
"572","Melissa","Female",1989,153
"573","Emma","Female",1989,242
"574","Lauren","Female",1989,162
"575","Jessica","Female",1989,380
"576","Amy","Female",1989,216
"577","Ashleigh","Female",1989,135
"578","Sarah","Female",1989,290
"579","Samantha","Female",1989,178
"580","Kate","Female",1989,121
"581","Matthew","Male",1989,451
"582","Joshua","Male",1989,302
"583","Luke","Male",1989,235
"584","Christopher","Male",1989,318
"585","Benjamin","Male",1989,239
"586","Michael","Male",1989,391
"587","David","Male",1989,252
"588","Jason","Male",1989,188
"589","Daniel","Male",1989,383
"590","James","Male",1989,246
"591","Rebecca","Female",1988,242
"592","Melissa","Female",1988,167
"593","Sarah","Female",1988,308
"594","Samantha","Female",1988,173
"595","Michelle","Female",1988,125
"596","Emma","Female",1988,217
"597","Lauren","Female",1988,159
"598","Jessica","Female",1988,341
"599","Amy","Female",1988,178
"600","Nicole","Female",1988,143
"601","Daniel","Male",1988,406
"602","Christopher","Male",1988,284
"603","Andrew","Male",1988,226
"604","Benjamin","Male",1988,287
"605","Joshua","Male",1988,236
"606","Matthew","Male",1988,401
"607","James","Male",1988,259
"608","Luke","Male",1988,190
"609","Michael","Male",1988,379
"610","David","Male",1988,255
"611","Rebecca","Female",1987,225
"612","Samantha","Female",1987,142
"613","Sarah","Female",1987,316
"614","Melissa","Female",1987,156
"615","Lauren","Female",1987,119
"616","Emma","Female",1987,185
"617","Nicole","Female",1987,132
"618","Jessica","Female",1987,350
"619","Amy","Female",1987,161
"620","Amanda","Female",1987,127
"621","Matthew","Male",1987,386
"622","Benjamin","Male",1987,249
"623","James","Male",1987,215
"624","Christopher","Male",1987,347
"625","Andrew","Male",1987,223
"626","Daniel","Male",1987,382
"627","David","Male",1987,242
"628","Joshua","Male",1987,208
"629","Michael","Male",1987,368
"630","Luke","Male",1987,229
"631","Rebecca","Female",1986,224
"632","Nicole","Female",1986,141
"633","Kate","Female",1986,120
"634","Sarah","Female",1986,303
"635","Melissa","Female",1986,147
"636","Samantha","Female",1986,120
"637","Emma","Female",1986,179
"638","Amy","Female",1986,139
"639","Jessica","Female",1986,399
"640","Amanda","Female",1986,165
"641","Lauren","Female",1986,136
"642","Michael","Male",1986,387
"643","James","Male",1986,243
"644","Joshua","Male",1986,202
"645","Matthew","Male",1986,421
"646","David","Male",1986,281
"647","Andrew","Male",1986,211
"648","Christopher","Male",1986,372
"649","Benjamin","Male",1986,243
"650","Adam","Male",1986,197
"651","Daniel","Male",1986,359
"652","Luke","Male",1986,236
"653","Sarah","Female",1985,260
"654","Amanda","Female",1985,159
"655","Kylie","Female",1985,123
"656","Jessica","Female",1985,352
"657","Lauren","Female",1985,161
"658","Nicole","Female",1985,124
"659","Rebecca","Female",1985,238
"660","Amy","Female",1985,149
"661","Melissa","Female",1985,165
"662","Michelle","Female",1985,136
"663","Michael","Male",1985,387
"664","Benjamin","Male",1985,287
"665","Andrew","Male",1985,200
"666","Matthew","Male",1985,406
"667","David","Male",1985,297
"668","Adam","Male",1985,210
"669","Christopher","Male",1985,362
"670","Luke","Male",1985,233
"671","Daniel","Male",1985,354
"672","Ryan","Male",1985,217
"673","Jessica","Female",1984,246
"674","Amanda","Female",1984,157
"675","Lauren","Female",1984,136
"676","Melissa","Female",1984,183
"677","Emma","Female",1984,137
"678","Sarah","Female",1984,235
"679","Michelle","Female",1984,146
"680","Amy","Female",1984,129
"681","Rebecca","Female",1984,211
"682","Lisa","Female",1984,140
"683","Michael","Male",1984,421
"684","Christopher","Male",1984,284
"685","Andrew","Male",1984,205
"686","David","Male",1984,290
"687","Adam","Male",1984,211
"688","Daniel","Male",1984,357
"689","Benjamin","Male",1984,249
"690","Ryan","Male",1984,182
"691","Matthew","Male",1984,347
"692","Luke","Male",1984,224
"693","Jessica","Female",1983,223
"694","Michelle","Female",1983,163
"695","Emma","Female",1983,135
"696","Sarah","Female",1983,236
"697","Amanda","Female",1983,173
"698","Amy","Female",1983,136
"699","Rebecca","Female",1983,212
"700","Nicole","Female",1983,147
"701","Melissa","Female",1983,196
"702","Lauren","Female",1983,137
"703","Michael","Male",1983,411
"704","Christopher","Male",1983,310
"705","Adam","Male",1983,211
"706","David","Male",1983,337
"707","Andrew","Male",1983,240
"708","Matthew","Male",1983,364
"709","Benjamin","Male",1983,250
"710","Luke","Male",1983,198
"711","Daniel","Male",1983,361
"712","Ryan","Male",1983,248
"713","Amanda","Female",1982,191
"714","Melissa","Female",1982,196
"715","Jessica","Female",1982,156
"716","Lisa","Female",1982,138
"717","Sarah","Female",1982,211
"718","Kelly","Female",1982,167
"719","Nicole","Female",1982,138
"720","Rebecca","Female",1982,212
"721","Michelle","Female",1982,167
"722","Kristy","Female",1982,138
"723","Amy","Female",1982,110
"724","Emma","Female",1982,153
"725","Natalie","Female",1982,125
"726","Daniel","Male",1982,362
"727","Michael","Male",1982,386
"728","Andrew","Male",1982,252
"729","Adam","Male",1982,208
"730","David","Male",1982,304
"731","Ryan","Male",1982,233
"732","Christopher","Male",1982,241
"733","Luke","Male",1982,196
"734","Matthew","Male",1982,312
"735","Benjamin","Male",1982,241
"736","Paul","Male",1982,184
"737","Amanda","Female",1981,191
"738","Kristy","Female",1981,157
"739","Sarah","Female",1981,216
"740","Michelle","Female",1981,169
"741","Nicole","Female",1981,120
"742","Rebecca","Female",1981,229
"743","Kelly","Female",1981,175
"744","Lisa","Female",1981,137
"745","Melissa","Female",1981,189
"746","Emma","Female",1981,155
"747","Michael","Male",1981,416
"748","Benjamin","Male",1981,265
"749","Ryan","Male",1981,198
"750","Matthew","Male",1981,279
"751","Adam","Male",1981,200
"752","David","Male",1981,350
"753","Andrew","Male",1981,212
"754","Daniel","Male",1981,383
"755","Christopher","Male",1981,240
"756","Jason","Male",1981,189
"757","Rebecca","Female",1980,244
"758","Melissa","Female",1980,197
"759","Michelle","Female",1980,209
"760","Sarah","Female",1980,207
"761","Lisa","Female",1980,155
"762","Amanda","Female",1980,209
"763","Kristy","Female",1980,164
"764","Emma","Female",1980,107
"765","Kelly","Female",1980,186
"766","Kylie","Female",1980,113
"767","Nicole","Female",1980,118
"768","Daniel","Male",1980,294
"769","Christopher","Male",1980,221
"770","Jason","Male",1980,186
"771","David","Male",1980,310
"772","Adam","Male",1980,226
"773","Ryan","Male",1980,187
"774","Michael","Male",1980,357
"775","Benjamin","Male",1980,247
"776","Paul","Male",1980,197
"777","Matthew","Male",1980,292
"778","Mark","Male",1980,197
"779","Michelle","Female",1979,198
"780","Nicole","Female",1979,151
"781","Kylie","Female",1979,121
"782","Kelly","Female",1979,166
"783","Emma","Female",1979,135
"784","Melissa","Female",1979,217
"785","Lisa","Female",1979,159
"786","Amanda","Female",1979,124
"787","Rebecca","Female",1979,221
"788","Sarah","Female",1979,166
"789","Natalie","Female",1979,125
"790","Michael","Male",1979,365
"791","Christopher","Male",1979,231
"792","Paul","Male",1979,193
"793","Daniel","Male",1979,329
"794","Benjamin","Male",1979,227
"795","Mark","Male",1979,184
"796","Matthew","Male",1979,269
"797","Jason","Male",1979,212
"798","David","Male",1979,294
"799","Adam","Male",1979,218
"800","Michelle","Female",1978,203
"801","Lisa","Female",1978,146
"802","Emma","Female",1978,121
"803","Melissa","Female",1978,192
"804","Kelly","Female",1978,141
"805","Rebecca","Female",1978,264
"806","Nicole","Female",1978,147
"807","Kristy","Female",1978,128
"808","Amanda","Female",1978,151
"809","Sarah","Female",1978,132
"810","Michael","Male",1978,347
"811","Benjamin","Male",1978,266
"812","Mark","Male",1978,212
"813","Matthew","Male",1978,309
"814","Paul","Male",1978,239
"815","Jason","Male",1978,198
"816","Daniel","Male",1978,286
"817","Christopher","Male",1978,213
"818","David","Male",1978,290
"819","Andrew","Male",1978,225
"820","Nicole","Female",1977,184
"821","Sarah","Female",1977,132
"822","Michelle","Female",1977,216
"823","Natalie","Female",1977,150
"824","Lisa","Female",1977,128
"825","Melissa","Female",1977,193
"826","Amanda","Female",1977,143
"827","Rebecca","Female",1977,206
"828","Kylie","Female",1977,146
"829","Emma","Female",1977,117
"830","Daniel","Male",1977,296
"831","Paul","Male",1977,242
"832","Bradley","Male",1977,197
"833","David","Male",1977,287
"834","Benjamin","Male",1977,237
"835","Michael","Male",1977,347
"836","Jason","Male",1977,243
"837","Christopher","Male",1977,225
"838","Matthew","Male",1977,267
"839","Mark","Male",1977,229
"840","Natalie","Female",1976,185
"841","Kylie","Female",1976,144
"842","Tanya","Female",1976,122
"843","Melissa","Female",1976,176
"844","Amanda","Female",1976,130
"845","Emma","Female",1976,118
"846","Michelle","Female",1976,191
"847","Nicole","Female",1976,168
"848","Sarah","Female",1976,122
"849","Rebecca","Female",1976,175
"850","Lisa","Female",1976,123
"851","Michael","Male",1976,330
"852","Matthew","Male",1976,260
"853","Bradley","Male",1976,215
"854","David","Male",1976,300
"855","Paul","Male",1976,253
"856","Benjamin","Male",1976,192
"857","Jason","Male",1976,268
"858","Christopher","Male",1976,218
"859","Daniel","Male",1976,275
"860","Mark","Male",1976,221
"861","Kylie","Female",1975,176
"862","Lisa","Female",1975,143
"863","Natalie","Female",1975,158
"864","Amanda","Female",1975,134
"865","Nicole","Female",1975,198
"866","Rebecca","Female",1975,153
"867","Sarah","Female",1975,115
"868","Michelle","Female",1975,199
"869","Melissa","Female",1975,156
"870","Natasha","Female",1975,129
"871","David","Male",1975,264
"872","Mark","Male",1975,218
"873","Michael","Male",1975,327
"874","Daniel","Male",1975,241
"875","Andrew","Male",1975,191
"876","Paul","Male",1975,285
"877","Christopher","Male",1975,233
"878","Jason","Male",1975,325
"879","Matthew","Male",1975,238
"880","Scott","Male",1975,177
"881","Michelle","Female",1974,250
"882","Rebecca","Female",1974,150
"883","Jodie","Female",1974,118
"884","Nicole","Female",1974,180
"885","Lisa","Female",1974,146
"886","Melissa","Female",1974,111
"887","Natalie","Female",1974,157
"888","Natasha","Female",1974,123
"889","Kylie","Female",1974,174
"890","Amanda","Female",1974,124
"891","Paul","Male",1974,306
"892","Christopher","Male",1974,218
"893","Michael","Male",1974,302
"894","Daniel","Male",1974,203
"895","David","Male",1974,320
"896","Mark","Male",1974,234
"897","Peter","Male",1974,171
"898","Jason","Male",1974,376
"899","Matthew","Male",1974,247
"900","Andrew","Male",1974,183
"901","Rebecca","Female",1973,157
"902","Jodie","Female",1973,125
"903","Michelle","Female",1973,250
"904","Natalie","Female",1973,155
"905","Karen","Female",1973,123
"906","Nicole","Female",1973,163
"907","Kylie","Female",1973,144
"908","Melissa","Female",1973,122
"909","Lisa","Female",1973,176
"910","Amanda","Female",1973,150
"911","Joanne","Female",1973,123
"912","Paul","Male",1973,298
"913","Christopher","Male",1973,247
"914","Craig","Male",1973,175
"915","Michael","Male",1973,294
"916","Matthew","Male",1973,247
"917","Daniel","Male",1973,171
"918","Jason","Male",1973,428
"919","Mark","Male",1973,268
"920","Bradley","Male",1973,178
"921","David","Male",1973,278
"922","Andrew","Male",1973,186
"923","Lisa","Female",1972,185
"924","Nicole","Female",1972,150
"925","Amanda","Female",1972,140
"926","Kylie","Female",1972,179
"927","Sharon","Female",1972,149
"928","Michelle","Female",1972,291
"929","Joanne","Female",1972,154
"930","Karen","Female",1972,142
"931","Natalie","Female",1972,174
"932","Rebecca","Female",1972,147
"933","Jason","Male",1972,479
"934","Mark","Male",1972,259
"935","Peter","Male",1972,192
"936","Paul","Male",1972,407
"937","Andrew","Male",1972,238
"938","Shane","Male",1972,192
"939","Michael","Male",1972,333
"940","Matthew","Male",1972,198
"941","David","Male",1972,367
"942","Christopher","Male",1972,200
"943","Darren","Male",1972,191
"944","Sharon","Female",1971,181
"945","Karen","Female",1971,154
"946","Michelle","Female",1971,276
"947","Nicole","Female",1971,176
"948","Amanda","Female",1971,153
"949","Joanne","Female",1971,192
"950","Natalie","Female",1971,156
"951","Lisa","Female",1971,237
"952","Kylie","Female",1971,157
"953","Julie","Female",1971,141
"954","Jason","Male",1971,431
"955","Peter","Male",1971,275
"956","Andrew","Male",1971,238
"957","David","Male",1971,425
"958","Robert","Male",1971,253
"959","Paul","Male",1971,456
"960","Mark","Male",1971,325
"961","Bradley","Male",1971,247
"962","Michael","Male",1971,380
"963","John","Male",1971,251
"964","Sharon","Female",1970,193
"965","Nicole","Female",1970,146
"966","Karen","Female",1970,171
"967","Amanda","Female",1970,131
"968","Lisa","Female",1970,222
"969","Julie","Female",1970,154
"970","Joanne","Female",1970,125
"971","Michelle","Female",1970,305
"972","Natalie","Female",1970,155
"973","Jennifer","Female",1970,126
"974","Paul","Male",1970,429
"975","Peter","Male",1970,284
"976","Darren","Male",1970,223
"977","David","Male",1970,395
"978","Jason","Male",1970,281
"979","John","Male",1970,217
"980","Mark","Male",1970,317
"981","Bradley","Male",1970,225
"982","Michael","Male",1970,383
"983","Andrew","Male",1970,268
"984","Michelle","Female",1969,273
"985","Jennifer","Female",1969,142
"986","Leanne","Female",1969,128
"987","Lisa","Female",1969,225
"988","Julie","Female",1969,138
"989","Joanne","Female",1969,123
"990","Karen","Female",1969,198
"991","Donna","Female",1969,128
"992","Sharon","Female",1969,205
"993","Natalie","Female",1969,130
"994","Susan","Female",1969,119
"995","David","Male",1969,384
"996","Andrew","Male",1969,256
"997","Stephen","Male",1969,201
"998","Michael","Male",1969,375
"999","John","Male",1969,226
"1000","Paul","Male",1969,450
"1001","Peter","Male",1969,265
"1002","Darren","Male",1969,202
"1003","Mark","Male",1969,316
"1004","Robert","Male",1969,224
"1005","Sharon","Female",1968,219
"1006","Susan","Female",1968,138
"1007","Leanne","Female",1968,108
"1008","Lisa","Female",1968,217
"1009","Donna","Female",1968,137
"1010","Michelle","Female",1968,263
"1011","Jennifer","Female",1968,142
"1012","Sandra","Female",1968,125
"1013","Karen","Female",1968,199
"1014","Julie","Female",1968,136
"1015","David","Male",1968,398
"1016","Peter","Male",1968,306
"1017","Andrew","Male",1968,214
"1018","Paul","Male",1968,394
"1019","John","Male",1968,263
"1020","Bradley","Male",1968,188
"1021","Mark","Male",1968,344
"1022","Robert","Male",1968,224
"1023","Michael","Male",1968,352
"1024","Darren","Male",1968,238
"1025","Michelle","Female",1967,206
"1026","Karen","Female",1967,143
"1027","Donna","Female",1967,124
"1028","Lisa","Female",1967,176
"1029","Jennifer","Female",1967,132
"1030","Sandra","Female",1967,105
"1031","Julie","Female",1967,165
"1032","Susan","Female",1967,124
"1033","Joanne","Female",1967,102
"1034","Sharon","Female",1967,173
"1035","Leanne","Female",1967,132
"1036","Linda","Female",1967,103
"1037","David","Male",1967,417
"1038","Mark","Male",1967,277
"1039","Stephen","Male",1967,176
"1040","Michael","Male",1967,330
"1041","John","Male",1967,234
"1042","Darren","Male",1967,176
"1043","Peter","Male",1967,303
"1044","Andrew","Male",1967,191
"1045","Paul","Male",1967,324
"1046","Robert","Male",1967,208
"1047","Steven","Male",1967,160
"1048","Sharon","Female",1966,200
"1049","Julie","Female",1966,146
"1050","Linda","Female",1966,111
"1051","Lisa","Female",1966,164
"1052","Karen","Female",1966,142
"1053","Michelle","Female",1966,208
"1054","Susan","Female",1966,147
"1055","Donna","Female",1966,113
"1056","Jennifer","Female",1966,154
"1057","Sandra","Female",1966,114
"1058","Paul","Male",1966,318
"1059","John","Male",1966,270
"1060","Stephen","Male",1966,159
"1061","Peter","Male",1966,311
"1062","Robert","Male",1966,223
"1063","David","Male",1966,383
"1064","Mark","Male",1966,273
"1065","Darren","Male",1966,175
"1066","Michael","Male",1966,292
"1067","Andrew","Male",1966,198
"1068","Karen","Female",1965,194
"1069","Michelle","Female",1965,158
"1070","Sandra","Female",1965,107
"1071","Julie","Female",1965,172
"1072","Jennifer","Female",1965,143
"1073","Joanne","Female",1965,102
"1074","Sharon","Female",1965,159
"1075","Linda","Female",1965,115
"1076","Susan","Female",1965,169
"1077","Lisa","Female",1965,117
"1078","Michael","Male",1965,316
"1079","John","Male",1965,251
"1080","Gregory","Male",1965,148
"1081","David","Male",1965,312
"1082","Robert","Male",1965,208
"1083","Peter","Male",1965,338
"1084","Mark","Male",1965,273
"1085","Stephen","Male",1965,182
"1086","Paul","Male",1965,287
"1087","Andrew","Male",1965,184
"1088","Karen","Female",1964,204
"1089","Sharon","Female",1964,155
"1090","Linda","Female",1964,105
"1091","Susan","Female",1964,193
"1092","Michelle","Female",1964,145
"1093","Leanne","Female",1964,103
"1094","Jennifer","Female",1964,171
"1095","Sandra","Female",1964,130
"1096","Julie","Female",1964,178
"1097","Lisa","Female",1964,143
"1098","Mark","Male",1964,336
"1099","Stephen","Male",1964,210
"1100","Michael","Male",1964,315
"1101","Robert","Male",1964,204
"1102","Peter","Male",1964,356
"1103","John","Male",1964,251
"1104","Andrew","Male",1964,153
"1105","David","Male",1964,362
"1106","Paul","Male",1964,294
"1107","Craig","Male",1964,160
"1108","Jennifer","Female",1963,217
"1109","Sharon","Female",1963,163
"1110","Christine","Female",1963,126
"1111","Julie","Female",1963,191
"1112","Michelle","Female",1963,144
"1113","Linda","Female",1963,114
"1114","Susan","Female",1963,187
"1115","Leanne","Female",1963,128
"1116","Karen","Female",1963,188
"1117","Sandra","Female",1963,129
"1118","David","Male",1963,369
"1119","Michael","Male",1963,299
"1120","Gregory","Male",1963,196
"1121","Peter","Male",1963,362
"1122","Robert","Male",1963,240
"1123","Andrew","Male",1963,163
"1124","John","Male",1963,303
"1125","Stephen","Male",1963,223
"1126","Mark","Male",1963,348
"1127","Paul","Male",1963,239
"1128","Karen","Female",1962,206
"1129","Michelle","Female",1962,126
"1130","Jennifer","Female",1962,199
"1131","Kerry","Female",1962,114
"1132","Julie","Female",1962,207
"1133","Christine","Female",1962,139
"1134","Linda","Female",1962,110
"1135","Susan","Female",1962,212
"1136","Sharon","Female",1962,142
"1137","Maria","Female",1962,111
"1138","Mark","Male",1962,308
"1139","Paul","Male",1962,200
"1140","Peter","Male",1962,406
"1141","John","Male",1962,284
"1142","Gregory","Male",1962,182
"1143","Michael","Male",1962,344
"1144","Stephen","Male",1962,229
"1145","David","Male",1962,393
"1146","Robert","Male",1962,230
"1147","Wayne","Male",1962,156
"1148","Susan","Female",1961,249
"1149","Christine","Female",1961,126
"1150","Deborah","Female",1961,108
"1151","Jennifer","Female",1961,205
"1152","Debra","Female",1961,115
"1153","Kerry","Female",1961,105
"1154","Karen","Female",1961,189
"1155","Helen","Female",1961,111
"1156","Julie","Female",1961,196
"1157","Michelle","Female",1961,115
"1158","Leanne","Female",1961,104
"1159","David","Male",1961,308
"1160","Stephen","Male",1961,220
"1161","Steven","Male",1961,144
"1162","Mark","Male",1961,295
"1163","Robert","Male",1961,214
"1164","Peter","Male",1961,418
"1165","Michael","Male",1961,285
"1166","Paul","Male",1961,178
"1167","John","Male",1961,293
"1168","Gregory","Male",1961,192
"1169","Susan","Female",1960,273
"1170","Debra","Female",1960,155
"1171","Sandra","Female",1960,112
"1172","Julie","Female",1960,240
"1173","Christine","Female",1960,154
"1174","Sharon","Female",1960,111
"1175","Karen","Female",1960,162
"1176","Helen","Female",1960,117
"1177","Jennifer","Female",1960,228
"1178","Kerry","Female",1960,124
"1179","Peter","Male",1960,425
"1180","Michael","Male",1960,253
"1181","Paul","Male",1960,177
"1182","David","Male",1960,318
"1183","John","Male",1960,252
"1184","Ian","Male",1960,142
"1185","Robert","Male",1960,256
"1186","Gregory","Male",1960,223
"1187","Mark","Male",1960,286
"1188","Stephen","Male",1960,242
"1189","Debra","Female",1959,170
"1190","Deborah","Female",1959,133
"1191","Susan","Female",1959,277
"1192","Karen","Female",1959,145
"1193","Sandra","Female",1959,131
"1194","Julie","Female",1959,219
"1195","Kerry","Female",1959,134
"1196","Christine","Female",1959,124
"1197","Jennifer","Female",1959,224
"1198","Helen","Female",1959,137
"1199","Vicki","Female",1959,124
"1200","David","Male",1959,282
"1201","Gregory","Male",1959,226
"1202","John","Male",1959,275
"1203","Stephen","Male",1959,224
"1204","Michael","Male",1959,330
"1205","Robert","Male",1959,239
"1206","Ian","Male",1959,141
"1207","Peter","Male",1959,471
"1208","Mark","Male",1959,273
"1209","Paul","Male",1959,163
"1210","Jennifer","Female",1958,247
"1211","Kerry","Female",1958,157
"1212","Vicki","Female",1958,123
"1213","Susan","Female",1958,238
"1214","Karen","Female",1958,147
"1215","Helen","Female",1958,113
"1216","Debra","Female",1958,204
"1217","Sandra","Female",1958,126
"1218","Julie","Female",1958,222
"1219","Christine","Female",1958,129
"1220","John","Male",1958,287
"1221","David","Male",1958,256
"1222","Gary","Male",1958,149
"1223","Mark","Male",1958,268
"1224","Gregory","Male",1958,234
"1225","Peter","Male",1958,490
"1226","Robert","Male",1958,257
"1227","Paul","Male",1958,170
"1228","Michael","Male",1958,265
"1229","Stephen","Male",1958,189
"1230","Susan","Female",1957,263
"1231","Julie","Female",1957,155
"1232","Margaret","Female",1957,116
"1233","Jennifer","Female",1957,244
"1234","Kerry","Female",1957,136
"1235","Judith","Female",1957,106
"1236","Karen","Female",1957,180
"1237","Lynette","Female",1957,116
"1238","Debra","Female",1957,193
"1239","Christine","Female",1957,121
"1240","Vicki","Female",1957,104
"1241","David","Male",1957,298
"1242","Stephen","Male",1957,235
"1243","Michael","Male",1957,271
"1244","Mark","Male",1957,227
"1245","John","Male",1957,326
"1246","Gregory","Male",1957,236
"1247","Gary","Male",1957,143
"1248","Peter","Male",1957,535
"1249","Robert","Male",1957,245
"1250","Paul","Male",1957,144
"1251","Kerry","Female",1956,165
"1252","Susan","Female",1956,277
"1253","Karen","Female",1956,157
"1254","Christine","Female",1956,133
"1255","Jennifer","Female",1956,252
"1256","Margaret","Female",1956,142
"1257","Helen","Female",1956,123
"1258","Patricia","Female",1956,136
"1259","Debra","Female",1956,114
"1260","Julie","Female",1956,170
"1261","Lynette","Female",1956,142
"1262","Vicki","Female",1956,123
"1263","Robert","Male",1956,288
"1264","Mark","Male",1956,163
"1265","Peter","Male",1956,497
"1266","Stephen","Male",1956,261
"1267","Ian","Male",1956,152
"1268","Michael","Male",1956,291
"1269","Gregory","Male",1956,228
"1270","Kevin","Male",1956,147
"1271","John","Male",1956,345
"1272","David","Male",1956,247
"1273","Wayne","Male",1956,147
"1274","Kerry","Female",1955,176
"1275","Judith","Female",1955,131
"1276","Susan","Female",1955,260
"1277","Julie","Female",1955,160
"1278","Robyn","Female",1955,119
"1279","Christine","Female",1955,166
"1280","Lynette","Female",1955,125
"1281","Jennifer","Female",1955,206
"1282","Margaret","Female",1955,140
"1283","Karen","Female",1955,118
"1284","Michael","Male",1955,255
"1285","Gary","Male",1955,175
"1286","John","Male",1955,335
"1287","Stephen","Male",1955,230
"1288","Mark","Male",1955,147
"1289","Peter","Male",1955,484
"1290","David","Male",1955,249
"1291","Kevin","Male",1955,164
"1292","Robert","Male",1955,287
"1293","Gregory","Male",1955,207
"1294","Jennifer","Female",1954,198
"1295","Margaret","Female",1954,143
"1296","Patricia","Female",1954,117
"1297","Kerry","Female",1954,159
"1298","Helen","Female",1954,120
"1299","Christine","Female",1954,201
"1300","Julie","Female",1954,145
"1301","Judith","Female",1954,118
"1302","Susan","Female",1954,266
"1303","Lynette","Female",1954,155
"1304","Robyn","Female",1954,118
"1305","Peter","Male",1954,430
"1306","Michael","Male",1954,229
"1307","John","Male",1954,332
"1308","Stephen","Male",1954,215
"1309","Alan","Male",1954,130
"1310","David","Male",1954,236
"1311","Gary","Male",1954,161
"1312","Robert","Male",1954,265
"1313","Gregory","Male",1954,184
"1314","Ian","Male",1954,148
"1315","Susan","Female",1953,258
"1316","Patricia","Female",1953,161
"1317","Judith","Female",1953,125
"1318","Jennifer","Female",1953,205
"1319","Lynette","Female",1953,157
"1320","Elizabeth","Female",1953,113
"1321","Margaret","Female",1953,166
"1322","Helen","Female",1953,132
"1323","Christine","Female",1953,175
"1324","Kerry","Female",1953,144
"1325","John","Male",1953,339
"1326","Gary","Male",1953,194
"1327","Ian","Male",1953,157
"1328","Robert","Male",1953,294
"1329","David","Male",1953,178
"1330","Alan","Male",1953,149
"1331","Peter","Male",1953,433
"1332","Stephen","Male",1953,197
"1333","Kevin","Male",1953,167
"1334","Michael","Male",1953,233
"1335","Gregory","Male",1953,167
"1336","Jennifer","Female",1952,187
"1337","Helen","Female",1952,131
"1338","Christine","Female",1952,183
"1339","Lynette","Female",1952,126
"1340","Margaret","Female",1952,192
"1341","Judith","Female",1952,164
"1342","Cheryl","Female",1952,118
"1343","Susan","Female",1952,231
"1344","Patricia","Female",1952,167
"1345","Robyn","Female",1952,119
"1346","Michael","Male",1952,218
"1347","Gary","Male",1952,167
"1348","Peter","Male",1952,402
"1349","David","Male",1952,206
"1350","Kevin","Male",1952,159
"1351","Robert","Male",1952,303
"1352","Ian","Male",1952,177
"1353","John","Male",1952,373
"1354","Stephen","Male",1952,189
"1355","Gregory","Male",1952,144
"1356","Jennifer","Female",1951,174
"1357","Judith","Female",1951,146
"1358","Christine","Female",1951,169
"1359","Helen","Female",1951,111
"1360","Susan","Female",1951,178
"1361","Lynette","Female",1951,152
"1362","Lorraine","Female",1951,101
"1363","Margaret","Female",1951,222
"1364","Patricia","Female",1951,166
"1365","Barbara","Female",1951,105
"1366","Peter","Male",1951,426
"1367","Michael","Male",1951,191
"1368","Kenneth","Male",1951,147
"1369","John","Male",1951,422
"1370","Kevin","Male",1951,156
"1371","Brian","Male",1951,144
"1372","David","Male",1951,201
"1373","William","Male",1951,152
"1374","Robert","Male",1951,314
"1375","Raymond","Male",1951,152
"1376","Gary","Male",1951,143
"1377","Patricia","Female",1950,160
"1378","Christine","Female",1950,120
"1379","Jennifer","Female",1950,154
"1380","Helen","Female",1950,114
"1381","Susan","Female",1950,196
"1382","Lynette","Female",1950,121
"1383","Lorraine","Female",1950,99
"1384","Margaret","Female",1950,222
"1385","Judith","Female",1950,137
"1386","Kerry","Female",1950,103
"1387","Robert","Male",1950,323
"1388","Stephen","Male",1950,148
"1389","Michael","Male",1950,187
"1390","Ronald","Male",1950,139
"1391","Peter","Male",1950,358
"1392","Kevin","Male",1950,153
"1393","Ian","Male",1950,134
"1394","John","Male",1950,447
"1395","David","Male",1950,160
"1396","Brian","Male",1950,135
"1397","Susan","Female",1949,161
"1398","Sandra","Female",1949,124
"1399","Pamela","Female",1949,100
"1400","Lynette","Female",1949,161
"1401","Jennifer","Female",1949,123
"1402","Cheryl","Female",1949,100
"1403","Margaret","Female",1949,215
"1404","Patricia","Female",1949,135
"1405","Helen","Female",1949,110
"1406","Lorraine","Female",1949,97
"1407","Judith","Female",1949,139
"1408","Christine","Female",1949,116
"1409","Dianne","Female",1949,100
"1410","Peter","Male",1949,313
"1411","Brian","Male",1949,154
"1412","William","Male",1949,149
"1413","Robert","Male",1949,307
"1414","Kenneth","Male",1949,153
"1415","Raymond","Male",1949,148
"1416","John","Male",1949,424
"1417","Michael","Male",1949,174
"1418","Kevin","Male",1949,149
"1419","David","Male",1949,194
"1420","Ian","Male",1949,152
"1421","Patricia","Female",1948,164
"1422","Jennifer","Female",1948,112
"1423","Lorraine","Female",1948,99
"1424","Helen","Female",1948,138
"1425","Judith","Female",1948,110
"1426","Elizabeth","Female",1948,97
"1427","Margaret","Female",1948,244
"1428","Lynette","Female",1948,115
"1429","Janice","Female",1948,103
"1430","Susan","Female",1948,137
"1431","Shirley","Female",1948,110
"1432","Robert","Male",1948,330
"1433","William","Male",1948,162
"1434","Kenneth","Male",1948,129
"1435","Peter","Male",1948,273
"1436","Kevin","Male",1948,160
"1437","John","Male",1948,414
"1438","David","Male",1948,166
"1439","Ronald","Male",1948,135
"1440","Brian","Male",1948,186
"1441","Michael","Male",1948,136
"1442","Patricia","Female",1947,147
"1443","Janice","Female",1947,116
"1444","Lorraine","Female",1947,105
"1445","Helen","Female",1947,130
"1446","Susan","Female",1947,116
"1447","Lynette","Female",1947,152
"1448","Carol","Female",1947,120
"1449","Margaret","Female",1947,251
"1450","Judith","Female",1947,127
"1451","Beverley","Female",1947,107
"1452","Peter","Male",1947,324
"1453","David","Male",1947,149
"1454","Brian","Male",1947,171
"1455","Ronald","Male",1947,147
"1456","Robert","Male",1947,357
"1457","Ian","Male",1947,150
"1458","Kevin","Male",1947,139
"1459","John","Male",1947,399
"1460","William","Male",1947,159
"1461","Kenneth","Male",1947,142
"1462","Lynette","Female",1946,138
"1463","Mary","Female",1946,95
"1464","Margaret","Female",1946,265
"1465","Judith","Female",1946,131
"1466","Pamela","Female",1946,94
"1467","Janice","Female",1946,140
"1468","Carol","Female",1946,101
"1469","Patricia","Female",1946,157
"1470","Helen","Female",1946,112
"1471","Beverley","Female",1946,92
"1472","Robert","Male",1946,344
"1473","Kevin","Male",1946,157
"1474","Ian","Male",1946,126
"1475","Peter","Male",1946,340
"1476","David","Male",1946,148
"1477","Barry","Male",1946,126
"1478","John","Male",1946,406
"1479","Brian","Male",1946,162
"1480","Ronald","Male",1946,134
"1481","William","Male",1946,166
"1482","Kenneth","Male",1946,138
"1483","Judith","Female",1945,122
"1484","Sandra","Female",1945,88
"1485","Elizabeth","Female",1945,83
"1486","Lynette","Female",1945,106
"1487","Jennifer","Female",1945,85
"1488","Patricia","Female",1945,147
"1489","Helen","Female",1945,96
"1490","Kaye","Female",1945,83
"1491","Margaret","Female",1945,238
"1492","Janice","Female",1945,105
"1493","Barbara","Female",1945,84
"1494","Peter","Male",1945,241
"1495","Brian","Male",1945,121
"1496","William","Male",1945,146
"1497","Kevin","Male",1945,120
"1498","Robert","Male",1945,303
"1499","David","Male",1945,134
"1500","Michael","Male",1945,100
"1501","John","Male",1945,369
"1502","Ronald","Male",1945,136
"1503","Kenneth","Male",1945,107
"1504","Patricia","Female",1944,142
"1505","Janice","Female",1944,108
"1506","Pamela","Female",1944,85
"1507","Judith","Female",1944,140
"1508","Barbara","Female",1944,99
"1509","Margaret","Female",1944,209
"1510","Maureen","Female",1944,113
"1511","Helen","Female",1944,94
"1512","Lynette","Female",1944,125
"1513","Kaye","Female",1944,97
"1514","John","Male",1944,366
"1515","Ronald","Male",1944,134
"1516","Kevin","Male",1944,111
"1517","Robert","Male",1944,335
"1518","William","Male",1944,132
"1519","Brian","Male",1944,156
"1520","David","Male",1944,111
"1521","Peter","Male",1944,256
"1522","Barry","Male",1944,115
"1523","Ian","Male",1944,109
"1524","Patricia","Female",1943,169
"1525","Pamela","Female",1943,97
"1526","Helen","Female",1943,78
"1527","Judith","Female",1943,119
"1528","Wendy","Female",1943,76
"1529","Margaret","Female",1943,208
"1530","Lynette","Female",1943,104
"1531","Maureen","Female",1943,92
"1532","Janice","Female",1943,117
"1533","Kaye","Female",1943,96
"1534","Peter","Male",1943,219
"1535","Ronald","Male",1943,127
"1536","David","Male",1943,109
"1537","William","Male",1943,144
"1538","Kenneth","Male",1943,123
"1539","Robert","Male",1943,295
"1540","Brian","Male",1943,132
"1541","Kevin","Male",1943,118
"1542","John","Male",1943,372
"1543","Barry","Male",1943,123
"1544","Janice","Female",1942,110
"1545","Barbara","Female",1942,80
"1546","Margaret","Female",1942,225
"1547","Lynette","Female",1942,103
"1548","Helen","Female",1942,79
"1549","Judith","Female",1942,128
"1550","Mary","Female",1942,82
"1551","Patricia","Female",1942,168
"1552","Maureen","Female",1942,96
"1553","Shirley","Female",1942,77
"1554","William","Male",1942,159
"1555","Barry","Male",1942,98
"1556","John","Male",1942,368
"1557","Brian","Male",1942,132
"1558","Kenneth","Male",1942,95
"1559","Peter","Male",1942,167
"1560","Kevin","Male",1942,103
"1561","Robert","Male",1942,261
"1562","Ronald","Male",1942,110
"1563","Patricia","Female",1941,145
"1564","Helen","Female",1941,99
"1565","Wendy","Female",1941,79
"1566","Judith","Female",1941,125
"1567","Dorothy","Female",1941,93
"1568","Margaret","Female",1941,257
"1569","Lynette","Female",1941,102
"1570","Maureen","Female",1941,89
"1571","Janice","Female",1941,120
"1572","John","Male",1941,355
"1573","Ronald","Male",1941,132
"1574","Barry","Male",1941,108
"1575","Robert","Male",1941,282
"1576","Kevin","Male",1941,129
"1577","James","Male",1941,102
"1578","William","Male",1941,157
"1579","Peter","Male",1941,191
"1580","Brian","Male",1941,127
"1581","Judith","Female",1940,121
"1582","Maureen","Female",1940,81
"1583","Dorothy","Female",1940,92
"1584","Mary","Female",1940,80
"1585","Patricia","Female",1940,146
"1586","Barbara","Female",1940,86
"1587","Elizabeth","Female",1940,68
"1588","Margaret","Female",1940,214
"1589","Janice","Female",1940,91
"1590","Lynette","Female",1940,72
"1591","John","Male",1940,319
"1592","Ronald","Male",1940,124
"1593","Kevin","Male",1940,104
"1594","Robert","Male",1940,232
"1595","William","Male",1940,123
"1596","James","Male",1940,92
"1597","Brian","Male",1940,132
"1598","Barry","Male",1940,109
"1599","Peter","Male",1940,144
"1600","David","Male",1940,92
"1601","Margaret","Female",1939,257
"1602","Shirley","Female",1939,91
"1603","Mary","Female",1939,67
"1604","Patricia","Female",1939,148
"1605","Valerie","Female",1939,87
"1606","Janice","Female",1939,66
"1607","Maureen","Female",1939,92
"1608","Judith","Female",1939,81
"1609","Dorothy","Female",1939,98
"1610","Joan","Female",1939,86
"1611","Robert","Male",1939,226
"1612","Ronald","Male",1939,119
"1613","James","Male",1939,93
"1614","Peter","Male",1939,159
"1615","Kevin","Male",1939,110
"1616","John","Male",1939,312
"1617","Brian","Male",1939,139
"1618","Raymond","Male",1939,95
"1619","William","Male",1939,152
"1620","Barry","Male",1939,102
"1621","Judith","Female",1938,97
"1622","Mary","Female",1938,79
"1623","Shirley","Female",1938,95
"1624","Valerie","Female",1938,77
"1625","Patricia","Female",1938,133
"1626","Maureen","Female",1938,84
"1627","Joan","Female",1938,71
"1628","Margaret","Female",1938,282
"1629","Dorothy","Female",1938,86
"1630","Ronald","Male",1938,181
"1631","Barry","Male",1938,112
"1632","William","Male",1938,175
"1633","Kevin","Male",1938,106
"1634","Robert","Male",1938,206
"1635","Peter","Male",1938,131
"1636","John","Male",1938,280
"1637","Brian","Male",1938,138
"1638","Donald","Male",1938,103
"1639","Margaret","Female",1937,252
"1640","Joan","Female",1937,85
"1641","Mary","Female",1937,64
"1642","Patricia","Female",1937,158
"1643","Elizabeth","Female",1937,78
"1644","Judith","Female",1937,63
"1645","Dorothy","Female",1937,107
"1646","Valerie","Female",1937,68
"1647","Shirley","Female",1937,117
"1648","Pamela","Female",1937,74
"1649","John","Male",1937,283
"1650","William","Male",1937,134
"1651","Kevin","Male",1937,99
"1652","Robert","Male",1937,213
"1653","Peter","Male",1937,129
"1654","Kenneth","Male",1937,86
"1655","Brian","Male",1937,139
"1656","James","Male",1937,102
"1657","Ronald","Male",1937,162
"1658","Donald","Male",1937,107
"1659","Margaret","Female",1936,231
"1660","Maureen","Female",1936,82
"1661","Mary","Female",1936,66
"1662","Shirley","Female",1936,178
"1663","Norma","Female",1936,62
"1664","Joan","Female",1936,101
"1665","Barbara","Female",1936,76
"1666","Patricia","Female",1936,168
"1667","Dorothy","Female",1936,81
"1668","Valma","Female",1936,61
"1669","Ronald","Male",1936,160
"1670","Raymond","Male",1936,100
"1671","John","Male",1936,294
"1672","Brian","Male",1936,151
"1673","Kevin","Male",1936,99
"1674","William","Male",1936,174
"1675","Donald","Male",1936,107
"1676","Robert","Male",1936,187
"1677","Peter","Male",1936,119
"1678","James","Male",1936,93
"1679","Patricia","Female",1935,158
"1680","Mary","Female",1935,81
"1681","Barbara","Female",1935,64
"1682","Shirley","Female",1935,156
"1683","Valma","Female",1935,70
"1684","Betty","Female",1935,61
"1685","Margaret","Female",1935,203
"1686","Joan","Female",1935,83
"1687","Valerie","Female",1935,64
"1688","Dorothy","Female",1935,99
"1689","Judith","Female",1935,61
"1690","John","Male",1935,293
"1691","Brian","Male",1935,142
"1692","Robert","Male",1935,192
"1693","James","Male",1935,126
"1694","Raymond","Male",1935,82
"1695","William","Male",1935,153
"1696","Peter","Male",1935,104
"1697","Ronald","Male",1935,163
"1698","Donald","Male",1935,118
"1699","Shirley","Female",1934,107
"1700","Mary","Female",1934,73
"1701","Kathleen","Female",1934,57
"1702","Margaret","Female",1934,190
"1703","Betty","Female",1934,103
"1704","Valma","Female",1934,66
"1705","Dorothy","Female",1934,107
"1706","Barbara","Female",1934,74
"1707","Patricia","Female",1934,153
"1708","Joan","Female",1934,91
"1709","Elizabeth","Female",1934,59
"1710","William","Male",1934,158
"1711","James","Male",1934,96
"1712","John","Male",1934,280
"1713","Brian","Male",1934,146
"1714","George","Male",1934,83
"1715","Robert","Male",1934,167
"1716","Donald","Male",1934,97
"1717","Ronald","Male",1934,171
"1718","Peter","Male",1934,108
"1719","Raymond","Male",1934,76
"1720","Margaret","Female",1933,223
"1721","Mary","Female",1933,96
"1722","Valma","Female",1933,64
"1723","Jean","Female",1933,49
"1724","Patricia","Female",1933,128
"1725","Dorothy","Female",1933,96
"1726","Norma","Female",1933,59
"1727","Joan","Female",1933,99
"1728","Barbara","Female",1933,71
"1729","June","Female",1933,51
"1730","Shirley","Female",1933,109
"1731","Betty","Female",1933,96
"1732","Kathleen","Female",1933,59
"1733","William","Male",1933,178
"1734","Donald","Male",1933,96
"1735","Peter","Male",1933,79
"1736","Robert","Male",1933,176
"1737","Raymond","Male",1933,89
"1738","George","Male",1933,79
"1739","John","Male",1933,251
"1740","Brian","Male",1933,131
"1741","James","Male",1933,82
"1742","Ronald","Male",1933,167
"1743","Kevin","Male",1933,87
"1744","Betty","Female",1932,100
"1745","Mary","Female",1932,85
"1746","Shirley","Female",1932,93
"1747","Barbara","Female",1932,68
"1748","Patricia","Female",1932,142
"1749","Dorothy","Female",1932,88
"1750","Elizabeth","Female",1932,64
"1751","Margaret","Female",1932,220
"1752","Joan","Female",1932,89
"1753","Valma","Female",1932,67
"1754","John","Male",1932,280
"1755","Brian","Male",1932,135
"1756","James","Male",1932,97
"1757","William","Male",1932,169
"1758","Donald","Male",1932,109
"1759","Colin","Male",1932,83
"1760","Ronald","Male",1932,148
"1761","Peter","Male",1932,103
"1762","Robert","Male",1932,160
"1763","Raymond","Male",1932,104
"1764","Shirley","Female",1931,127
"1765","Jean","Female",1931,76
"1766","Dorothy","Female",1931,112
"1767","Mary","Female",1931,74
"1768","Patricia","Female",1931,136
"1769","Joan","Female",1931,95
"1770","Valma","Female",1931,69
"1771","Margaret","Female",1931,225
"1772","Betty","Female",1931,105
"1773","Beryl","Female",1931,72
"1774","Robert","Male",1931,189
"1775","James","Male",1931,113
"1776","Kenneth","Male",1931,91
"1777","Ronald","Male",1931,187
"1778","Donald","Male",1931,112
"1779","Edward","Male",1931,91
"1780","John","Male",1931,310
"1781","Brian","Male",1931,135
"1782","George","Male",1931,95
"1783","William","Male",1931,185
"1784","Raymond","Male",1931,100
"1785","Margaret","Female",1930,196
"1786","Dorothy","Female",1930,117
"1787","Kathleen","Female",1930,83
"1788","Patricia","Female",1930,143
"1789","Joan","Female",1930,116
"1790","Valma","Female",1930,79
"1791","Shirley","Female",1930,117
"1792","Betty","Female",1930,136
"1793","Mary","Female",1930,110
"1794","Beryl","Female",1930,75
"1795","Ronald","Male",1930,192
"1796","Donald","Male",1930,110
"1797","John","Male",1930,311
"1798","James","Male",1930,132
"1799","Peter","Male",1930,92
"1800","William","Male",1930,205
"1801","Raymond","Male",1930,113
"1802","Robert","Male",1930,211
"1803","Brian","Male",1930,123
"1804","George","Male",1930,88
